NAME,GENDER
aamir,m
aaron,m
abbot,m
abbott,m
abby,m
abdel,m
abdul,m
abdulkarim,m
abdullah,m
abe,m
abel,m
abelard,m
abraham,m
abram,m
ace,m
adair,m
adam,m
adams,m
adger,m
aditya,m
adnan,m
adolf,m
adolfo,m
adolph,m
adolphe,m
adolpho,m
adolphus,m
adrick,m
adrien,m
agamemnon,m
aguinaldo,m
aguste,m
agustin,m
aharon,m
ahmed,m
ahmet,m
ajay,m
al,m
alaa,m
alain,m
alan,m
alasdair,m
alastair,m
albatros,m
albert,m
alberto,m
alden,m
aldis,m
aldo,m
aldric,m
aldrich,m
aldus,m
alec,m
aleck,m
alejandro,m
aleks,m
alessandro,m
alex,m
alexander,m
alexei,m
alexis,m
alf,m
alfie,m
alfonse,m
alfonso,m
alfonzo,m
alford,m
alfredo,m
algernon,m
ali,m
alic,m
alister,m
alix,m
allah,m
allan,m
allen,m
alley,m
allie,m
allin,m
allyn,m
alonso,m
alonzo,m
aloysius,m
alphonse,m
alston,m
alton,m
alvin,m
alwin,m
amadeus,m
ambros,m
ambrose,m
ambrosi,m
ambrosio,m
ambrosius,m
amery,m
amory,m
amos,m
anatol,m
anatole,m
anatollo,m
anatoly,m
anders,m
andonis,m
andre,m
andrea,m
andreas,m
andrej,m
andres,m
andrew,m
andrey,m
andrus,m
andrzej,m
andy,m
angel,m
angelico,m
angelo,m
angie,m
angus,m
ansell,m
anselm,m
anson,m
anthony,m
antin,m
antoine,m
anton,m
antoni,m
antonin,m
antonino,m
antonio,m
antonius,m
antony,m
anurag,m
apollo,m
apostolos,m
aram,m
archibald,m
archibold,m
archie,m
archon,m
archy,m
arel,m
ari,m
arie,m
ariel,m
aristotle,m
arlo,m
armand,m
armando,m
armond,m
armstrong,m
arne,m
arnie,m
arnold,m
arnoldo,m
aron,m
arron,m
art,m
arther,m
arthur,m
artie,m
artur,m
arturo,m
arvie,m
arvin,m
arvind,m
arvy,m
ash,m
ashby,m
ashish,m
ashley,m
ashton,m
aub,m
aube,m
aubert,m
augie,m
august,m
augustin,m
augusto,m
augustus,m
austen,m
austin,m
ave,m
averell,m
averil,m
averill,m
avery,m
avi,m
avraham,m
avrom,m
axel,m
aylmer,m
aziz,m
bailey,m
bailie,m
baillie,m
baird,m
baldwin,m
bancroft,m
barbabas,m
barclay,m
bard,m
barde,m
barn,m
barnabas,m
barnabe,m
barnaby,m
barnard,m
barnebas,m
barnett,m
barney,m
barnie,m
barny,m
barret,m
barrett,m
barri,m
barrie,m
barris,m
barron,m
barry,m
bart,m
bartel,m
barth,m
barthel,m
bartholemy,m
bartholomeo,m
bartholomeus,m
bartholomew,m
bartie,m
bartlet,m
bartlett,m
bartolemo,m
bartolomei,m
bartolomeo,m
barton,m
barty,m
bary,m
basil,m
baxter,m
bay,m
bayard,m
beale,m
bealle,m
bear,m
bearnard,m
beau,m
beaufort,m
beauregard,m
beck,m
bela,m
ben,m
benedict,m
bengt,m
benito,m
benjamen,m
benji,m
benjie,m
benjy,m
benn,m
bennet,m
bennett,m
bennie,m
benny,m
benson,m
bentley,m
benton,m
beowulf,m
berchtold,m
berk,m
berke,m
berkie,m
berkley,m
bernard,m
bernardo,m
bernd,m
bernhard,m
bernie,m
bert,m
bertram,m
bertrand,m
biff,m
bill,m
billy,m
bing,m
binky,m
bishop,m
bjorn,m
bjorne,m
blaine,m
blair,m
blake,m
blare,m
bo,m
bob,m
bobbie,m
bogdan,m
boniface,m
boris,m
boyce,m
boyd,m
brad,m
braden,m
bradford,m
bradly,m
brady,m
brandon,m
brant,m
brendan,m
brent,m
bret,m
brett,m
brewer,m
brewster,m
brian,m
brice,m
briggs,m
brinkley,m
britt,m
brock,m
broddie,m
broddy,m
broderic,m
broderick,m
brodie,m
brody,m
bronson,m
brook,m
brooke,m
brooks,m
bruce,m
bruno,m
bryant,m
bryce,m
bryn,m
bryon,m
bubba,m
buck,m
bucky,m
bud,m
buddy,m
burgess,m
burke,m
burl,m
burnaby,m
burton,m
buster,m
butch,m
butler,m
byram,m
byron,m
caesar,m
cain,m
cal,m
caldwell,m
caleb,m
calhoun,m
calvin,m
cam,m
cammy,m
carl,m
carleigh,m
carlie,m
carlo,m
carlos,m
carlton,m
carlyle,m
carmine,m
carroll,m
carson,m
carsten,m
carter,m
cary,m
case,m
casey,m
caspar,m
casper,m
cass,m
cat,m
cecil,m
cesar,m
chad,m
chadd,m
chaddie,m
chadwick,m
chaim,m
chalmers,m
chan,m
chance,m
chancey,m
chanderjit,m
chandler,m
chane,m
chariot,m
charles,m
charleton,m
charley,m
charlie,m
charlton,m
chas,m
chase,m
chaunce,m
chauncey,m
che,m
chelton,m
cheston,m
chet,m
chev,m
chevalier,m
chevy,m
chip,m
chris,m
chrissy,m
christ,m
christian,m
christiano,m
christie,m
christof,m
christofer,m
christoph,m
christophe,m
christopher,m
christorpher,m
christy,m
chuck,m
churchill,m
clair,m
claire,m
clancy,m
clarance,m
clare,m
clarence,m
clark,m
clarke,m
claude,m
claudio,m
clay,m
clayborn,m
clayborne,m
clayton,m
cleland,m
clem,m
clemens,m
clement,m
clemente,m
clemmie,m
cletus,m
cleveland,m
cliff,m
clifford,m
clint,m
clinten,m
clinton,m
clive,m
clyde,m
cob,m
cobb,m
cobbie,m
cobby,m
cody,m
colbert,m
coleman,m
colin,m
collin,m
collins,m
conan,m
connie,m
connolly,m
connor,m
conrad,m
conroy,m
constantin,m
constantine,m
constantinos,m
conway,m
cooper,m
corbin,m
corby,m
corey,m
cornelius,m
cornellis,m
corrie,m
cortese,m
corwin,m
cory,m
cosmo,m
costa,m
courtney,m
crawford,m
creighton,m
cris,m
cristopher,m
curt,m
curtice,m
cy,m
cyril,m
cyrill,m
cyrille,m
cyrillus,m
cyrus,m
dabney,m
daffy,m
dale,m
dalton,m
damian,m
damon,m
dan,m
dana,m
dane,m
dani,m
danie,m
dannie,m
danny,m
dante,m
darby,m
darcy,m
daren,m
darian,m
darien,m
darin,m
dario,m
darius,m
darrel,m
darrell,m
darren,m
darrick,m
darryl,m
darwin,m
daryl,m
daryle,m
dave,m
davey,m
david,m
davidde,m
davide,m
davie,m
davin,m
davis,m
davon,m
davy,m
dawson,m
dean,m
deane,m
del,m
dell,m
delmar,m
demetre,m
demetri,m
demetris,m
demetrius,m
demosthenis,m
denis,m
dennis,m
denny,m
derek,m
derick,m
derk,m
derrek,m
derrick,m
derrin,m
derrol,m
derron,m
deryl,m
desmond,m
desmund,m
devin,m
devon,m
dewey,m
dewitt,m
dickey,m
dickie,m
diego,m
dieter,m
dietrich,m
dillon,m
dimitrios,m
dimitris,m
dimitrou,m
dimitry,m
dino,m
dionis,m
dionysus,m
dirk,m
dmitri,m
dom,m
domenic,m
domenico,m
dominic,m
dominick,m
dominique,m
don,m
donal,m
donald,m
donn,m
donnie,m
donny,m
dorian,m
dory,m
doug,m
douggie,m
dougie,m
douglas,m
douglass,m
douglis,m
dov,m
doyle,m
drake,m
drew,m
dru,m
dryke,m
duane,m
dudley,m
duffie,m
duffy,m
duke,m
dunc,m
duncan,m
dunstan,m
durand,m
durant,m
durante,m
durward,m
dustin,m
dwain,m
dwane,m
dwayne,m
dwight,m
dyson,m
earle,m
easton,m
eben,m
ebeneser,m
ebenezer,m
eberhard,m
ed,m
eddy,m
edgar,m
edgardo,m
edie,m
edmond,m
edmund,m
edouard,m
edsel,m
eduard,m
eduardo,m
edward,m
efram,m
egbert,m
ehud,m
elbert,m
elden,m
eldon,m
eli,m
elias,m
elijah,m
eliot,m
eliott,m
elisha,m
elliot,m
elliott,m
ellis,m
ellsworth,m
ellwood,m
elmer,m
elmore,m
elnar,m
elric,m
elroy,m
elton,m
elvin,m
elwin,m
elwood,m
elwyn,m
ely,m
emanuel,m
emerson,m
emery,m
emil,m
emile,m
emmanuel,m
emmery,m
emmett,m
emmit,m
emmott,m
emmy,m
emory,m
ender,m
engelbart,m
engelbert,m
englebart,m
englebert,m
enoch,m
enrico,m
enrique,m
ephraim,m
ephram,m
ephrayim,m
ephrem,m
er,m
erasmus,m
erastus,m
erek,m
erhard,m
erhart,m
eric,m
erich,m
erick,m
erik,m
erin,m
erl,m
ernest,m
ernie,m
ernst,m
erny,m
errol,m
ervin,m
erwin,m
esau,m
esteban,m
ethan,m
ethelbert,m
ethelred,m
etienne,m
euclid,m
eugen,m
eugene,m
eustace,m
evan,m
evelyn,m
everard,m
everett,m
ewart,m
ez,m
ezechiel,m
ezekiel,m
ezra,m
fabian,m
fabio,m
fairfax,m
farley,m
fazeel,m
felice,m
felicio,m
felipe,m
felix,m
ferd,m
ferdy,m
fergus,m
ferguson,m
ferinand,m
fernando,m
fidel,m
filbert,m
filip,m
filipe,m
filmore,m
finley,m
finn,m
fitz,m
fitzgerald,m
flem,m
fleming,m
flemming,m
fletch,m
fletcher,m
flin,m
flinn,m
flint,m
flipper,m
florian,m
floyd,m
fons,m
fonsie,m
fonz,m
fonzie,m
forbes,m
ford,m
forest,m
forester,m
forrest,m
forrester,m
forster,m
foster,m
fran,m
francesco,m
francis,m
francisco,m
francois,m
frank,m
frankie,m
franklin,m
franklyn,m
franky,m
franz,m
fraser,m
frazier,m
fred,m
freddie,m
freddy,m
frederic,m
frederich,m
frederik,m
fredric,m
freeman,m
freemon,m
fremont,m
french,m
friedric,m
friedrich,m
friedrick,m
fritz,m
fulton,m
fyodor,m
gabe,m
gabriele,m
gabriell,m
gabriello,m
gail,m
gale,m
galen,m
gallagher,m
gamaliel,m
garcia,m
garcon,m
gardener,m
gardiner,m
gardner,m
garey,m
garfield,m
garfinkel,m
garold,m
garret,m
garrett,m
garrot,m
garrott,m
garry,m
garv,m
garvey,m
garvin,m
garvy,m
garwin,m
garwood,m
gary,m
gaspar,m
gaston,m
gav,m
gaven,m
gavin,m
gavriel,m
gay,m
gayle,m
gearard,m
gene,m
geo,m
geof,m
geoff,m
geoffrey,m
geoffry,m
georg,m
george,m
georges,m
georgia,m
georgie,m
georgy,m
gerald,m
geraldo,m
gerard,m
gere,m
gerhard,m
gerhardt,m
germaine,m
gerold,m
gerome,m
gerrard,m
gerri,m
gerrit,m
gerry,m
gershon,m
giacomo,m
gian,m
giancarlo,m
giavani,m
gibb,m
gideon,m
giff,m
giffard,m
giffer,m
gifford,m
giffy,m
gil,m
gilbert,m
gilberto,m
gilburt,m
giles,m
gill,m
gilles,m
ginger,m
giordano,m
giorgi,m
giorgio,m
giovanne,m
giraldo,m
giraud,m
giuseppe,m
glen,m
glenn,m
glynn,m
godard,m
godart,m
goddard,m
goddart,m
godfree,m
godfrey,m
godfry,m
gonzales,m
gonzalo,m
goober,m
goose,m
gordan,m
gordie,m
gordon,m
grace,m
grady,m
graehme,m
graeme,m
graham,m
graig,m
grant,m
granville,m
greg,m
gregg,m
greggory,m
gregor,m
gregorio,m
gregory,m
gretchen,m
griff,m
griffin,m
griffith,m
griswold,m
grove,m
grover,m
guido,m
guillaume,m
guillermo,m
gunther,m
gus,m
gustaf,m
gustav,m
gustave,m
gustavo,m
gustavus,m
guthrey,m
guthry,m
guy,m
hadleigh,m
hadley,m
hadrian,m
hagan,m
hagen,m
hailey,m
hakeem,m
hakim,m
hal,m
hale,m
haleigh,m
haley,m
hall,m
hallam,m
halvard,m
ham,m
hamel,m
hamid,m
hamil,m
hamilton,m
hamlen,m
hamlet,m
hammad,m
hamnet,m
han,m
hanan,m
hanford,m
hank,m
hannibal,m
hans,m
hans-peter,m
hansel,m
hanson,m
harald,m
harcourt,m
harlan,m
harland,m
harley,m
harlin,m
harman,m
harmon,m
harold,m
harris,m
harrold,m
harry,m
hart,m
hartley,m
hartwell,m
harv,m
harvard,m
harvey,m
harvie,m
harwell,m
hasheem,m
hashim,m
haskel,m
haskell,m
hassan,m
hastings,m
hasty,m
haven,m
hayden,m
haydon,m
hayes,m
hayward,m
haywood,m
hazel,m
heathcliff,m
hebert,m
hector,m
heinrich,m
heinz,m
helmuth,m
henderson,m
hendrick,m
hendrik,m
henri,m
henrie,m
henrik,m
henrique,m
henry,m
herb,m
herbert,m
herbie,m
hercule,m
hercules,m
herculie,m
herman,m
hermann,m
hermon,m
hermy,m
hernando,m
herold,m
herrick,m
herrmann,m
hersch,m
herschel,m
hershel,m
hervey,m
hew,m
hewe,m
hewet,m
hewett,m
hewie,m
hewitt,m
heywood,m
hezekiah,m
hilary,m
hilbert,m
hill,m
hillard,m
hillary,m
hillel,m
hillery,m
hilliard,m
hilton,m
hiralal,m
hiram,m
hiro,m
hirsch,m
hobart,m
hodge,m
hogan,m
hollis,m
holly,m
homer,m
horacio,m
horatio,m
horatius,m
horst,m
howard,m
howie,m
hoyt,m
hubert,m
hudson,m
huey,m
hugh,m
hugo,m
humbert,m
hunt,m
hunter,m
huntington,m
huntlee,m
huntley,m
hurley,m
husain,m
husein,m
hussein,m
hy,m
hyatt,m
hyman,m
hymie,m
iago,m
iain,m
ian,m
ibrahim,m
ichabod,m
iggie,m
iggy,m
ignace,m
ignacio,m
ignacius,m
ignatius,m
ignazio,m
igor,m
ike,m
ikey,m
immanuel,m
ingamar,m
ingelbert,m
ingemar,m
inglebert,m
ingmar,m
ingram,m
ira,m
irvin,m
irvine,m
irving,m
irwin,m
isa,m
isaac,m
isaak,m
isador,m
isadore,m
isaiah,m
ishmael,m
isidore,m
ismail,m
israel,m
istvan,m
ivan,m
ivor,m
izaak,m
izak,m
izzy,m
jack,m
jackie,m
jackson,m
jacob,m
jacques,m
jae,m
jaime,m
jake,m
jakob,m
james,m
jameson,m
jamey,m
jamie,m
jan,m
janos,m
jarrett,m
jarvis,m
jason,m
jasper,m
javier,m
jay,m
jean,m
jean-francois,m
jean-lou,m
jean-luc,m
jean-marc,m
jean-paul,m
jean-pierre,m
jeb,m
jed,m
jedediah,m
jef,m
jeff,m
jefferson,m
jeffery,m
jeffie,m
jeffrey,m
jeffry,m
jefry,m
jehu,m
jennings,m
jens,m
jephthah,m
jeramie,m
jere,m
jereme,m
jeremiah,m
jeremias,m
jeremy,m
jermain,m
jermaine,m
jermayne,m
jerold,m
jerome,m
jeromy,m
jerri,m
jerrie,m
jerrold,m
jerrome,m
jerry,m
jess,m
jesse,m
jessee,m
jessey,m
jessie,m
jesus,m
jeth,m
jethro,m
jim,m
jimbo,m
jimmie,m
jimmy,m
jo,m
joab,m
joachim,m
joao,m
joaquin,m
jock,m
jodi,m
jodie,m
jody,m
joel,m
joey,m
johan,m
johann,m
johannes,m
john,m
john-david,m
john-patrick,m
johnathan,m
johnathon,m
johnnie,m
johnny,m
johny,m
jon,m
jonah,m
jonas,m
jonathon,m
jonny,m
jordan,m
jorge,m
jory,m
jose,m
josef,m
joseph,m
josephus,m
josh,m
joshua,m
joshuah,m
josiah,m
jotham,m
juan,m
juanita,m
jud,m
judah,m
judas,m
judd,m
jude,m
judith,m
judson,m
judy,m
juergen,m
jules,m
julian,m
julie,m
julio,m
justis,m
kaleb,m
kalil,m
kalle,m
kalman,m
kam,m
kane,m
karel,m
karim,m
karl,m
karsten,m
kaspar,m
keefe,m
keenan,m
keene,m
keil,m
keith,m
kellen,m
kelley,m
kelly,m
kelsey,m
kelwin,m
ken,m
kendal,m
kendall,m
kendrick,m
kenn,m
kennedy,m
kenneth,m
kenny,m
kent,m
kenton,m
kenyon,m
kermie,m
kermit,m
kevan,m
kevin,m
kim,m
kimball,m
kimmo,m
kin,m
kincaid,m
king,m
kingsley,m
kingsly,m
kingston,m
kip,m
kirby,m
kirk,m
kit,m
klaus,m
klee,m
knox,m
konrad,m
konstantin,m
kory,m
kostas,m
kris,m
krishna,m
kristian,m
kristopher,m
kristos,m
kurt,m
kurtis,m
kyle,m
laird,m
lamar,m
lambert,m
lamont,m
lance,m
lancelot,m
langston,m
lanny,m
larry,m
lars,m
laurance,m
lauren,m
laurence,m
laurens,m
laurent,m
laurie,m
lawerence,m
lawrence,m
lawson,m
lawton,m
lay,m
layton,m
lazar,m
lazare,m
lazaro,m
lazlo,m
lefty,m
leif,m
leigh,m
leighton,m
leland,m
lem,m
lemar,m
lemmie,m
lemmy,m
lemuel,m
len,m
lenard,m
lennie,m
lenny,m
leo,m
leon,m
leonard,m
leonardo,m
leonerd,m
leonhard,m
leonid,m
leonidas,m
leopold,m
leroy,m
les,m
leslie,m
lester,m
lev,m
levi,m
levin,m
levon,m
levy,m
lew,m
lewis,m
lex,m
liam,m
lin,m
lincoln,m
lind,m
lindsay,m
lindsey,m
lindy,m
linoel,m
linus,m
lion,m
lionel,m
lionello,m
llewellyn,m
lloyd,m
locke,m
lockwood,m
logan,m
lon,m
lonny,m
loren,m
lorenzo,m
lorne,m
lorrie,m
lothar,m
lou,m
louie,m
louis,m
lovell,m
lowell,m
luce,m
lucian,m
luciano,m
lucien,m
lucio,m
lucius,m
ludvig,m
ludwig,m
luigi,m
luis,m
lukas,m
luke,m
luther,m
lyle,m
lyn,m
lyndon,m
lynn,m
mac,m
mace,m
mack,m
mackenzie,m
maddie,m
maddy,m
madison,m
magnum,m
magnus,m
mahesh,m
mahmoud,m
mahmud,m
maison,m
major,m
malcolm,m
manfred,m
manish,m
manny,m
marc,m
marcel,m
marcello,m
marcellus,m
marcelo,m
marchall,m
marcio,m
marco,m
marcos,m
marcus,m
marietta,m
marilu,m
mario,m
marion,m
marius,m
mark,m
marko,m
markos,m
markus,m
marlin,m
marlo,m
marlon,m
marlow,m
marlowe,m
marmaduke,m
marsh,m
marshal,m
marshall,m
martainn,m
martie,m
martin,m
martino,m
marty,m
martyn,m
marv,m
marve,m
marven,m
marvin,m
marwin,m
mason,m
mateo,m
mathew,m
mathias,m
matias,m
matt,m
matteo,m
matthaeus,m
mattheus,m
matthew,m
matthias,m
matthieu,m
matthus,m
mattias,m
mattie,m
matty,m
maurice,m
mauricio,m
maurie,m
maurise,m
maurits,m
mauritz,m
maury,m
max,m
maxfield,m
maxie,m
maxim,m
maximilian,m
maximilien,m
maxwell,m
mayer,m
maynard,m
maynord,m
mayor,m
mead,m
meade,m
meier,m
mel,m
melvin,m
melvyn,m
mendel,m
mendie,m
meredeth,m
meredith,m
merell,m
merill,m
merle,m
merlin,m
merrel,m
merrick,m
merril,m
merrill,m
merv,m
mervin,m
merwin,m
meryl,m
meyer,m
mic,m
micah,m
michael,m
michail,m
michal,m
michale,m
micheal,m
michel,m
mickey,m
mickie,m
micky,m
miguel,m
mika,m
mikael,m
mike,m
mikey,m
mikhail,m
miles,m
millicent,m
milo,m
milt,m
milton,m
mischa,m
mitch,m
mitchael,m
mitchel,m
mitchell,m
moe,m
mohamad,m
mohammad,m
mohammed,m
mohan,m
moise,m
moises,m
moishe,m
monroe,m
monte,m
montgomery,m
monty,m
moore,m
mordecai,m
morlee,m
morley,m
morly,m
morrie,m
morris,m
morry,m
mort,m
morten,m
mortie,m
mortimer,m
morton,m
morty,m
mose,m
moses,m
moshe,m
moss,m
muffin,m
mugsy,m
munroe,m
murdoch,m
murdock,m
murphy,m
murray,m
myles,m
mylo,m
myron,m
nahum,m
napoleon,m
nat,m
natale,m
nate,m
nathan,m
nathanael,m
nathaniel,m
nathanil,m
neal,m
neale,m
neall,m
nealon,m
nealson,m
nealy,m
ned,m
neddie,m
neddy,m
neel,m
neil,m
nels,m
nelsen,m
nelson,m
nero,m
neron,m
nester,m
nestor,m
nev,m
nevil,m
nevile,m
neville,m
nevin,m
nevins,m
newton,m
niall,m
niccolo,m
nicholas,m
nichole,m
nichols,m
nick,m
nickey,m
nickie,m
nickolas,m
nicky,m
nicolas,m
niels,m
nigel,m
niki,m
nikita,m
nikki,m
nikolai,m
nikos,m
niles,m
nils,m
nilson,m
niven,m
noach,m
noah,m
noam,m
noble,m
noel,m
nolan,m
noland,m
norbert,m
norm,m
norman,m
normand,m
normie,m
norris,m
northrop,m
northrup,m
norton,m
norwood,m
nunzio,m
obadiah,m
obadias,m
oberon,m
obie,m
odell,m
odie,m
odin,m
odysseus,m
olaf,m
olag,m
ole,m
olin,m
oliver,m
olivier,m
olle,m
ollie,m
omar,m
oral,m
oran,m
orazio,m
orbadiah,m
oren,m
orin,m
orion,m
orlando,m
orren,m
orrin,m
orson,m
orton,m
osbert,m
osborn,m
osborne,m
osbourn,m
osbourne,m
oscar,m
osgood,m
osmond,m
osmund,m
ossie,m
oswald,m
otes,m
othello,m
otho,m
otis,m
otto,m
owen,m
ozzie,m
ozzy,m
pablo,m
pace,m
paco,m
paddie,m
paddy,m
padraig,m
page,m
paige,m
pail,m
palmer,m
park,m
parke,m
parker,m
parnell,m
parrnell,m
parry,m
parsifal,m
partha,m
pascal,m
pascale,m
pasquale,m
pate,m
patel,m
patin,m
paton,m
patric,m
patrice,m
patricio,m
patrick,m
patrik,m
patsy,m
pattie,m
patty,m
paul,m
paulo,m
pavel,m
pearce,m
pedro,m
peirce,m
pembroke,m
pen,m
penn,m
pennie,m
penny,m
penrod,m
pepe,m
pepillo,m
perceval,m
percival,m
percy,m
perry,m
pete,m
peter,m
petey,m
petr,m
peyter,m
peyton,m
phil,m
philbert,m
philip,m
phillip,m
phillipe,m
phillipp,m
phineas,m
phip,m
pierce,m
piet,m
pieter,m
pietro,m
piggy,m
pincas,m
pinchas,m
pincus,m
piotr,m
pip,m
plato,m
pooh,m
porter,m
poul,m
powell,m
praneetf,m
prasad,m
prasun,m
prent,m
prentice,m
prentiss,m
prescott,m
preston,m
prince,m
pryce,m
puff,m
purcell,m
putnam,m
pyotr,m
quentin,m
quiggly,m
quigly,m
quill,m
quillan,m
quincey,m
quincy,m
quinlan,m
quinn,m
quint,m
quintin,m
quinton,m
quintus,m
rab,m
rabbi,m
rad,m
radcliffe,m
rafael,m
rafe,m
ragnar,m
rainer,m
raj,m
rajeev,m
ralf,m
ralph,m
ram,m
ramesh,m
ramon,m
ramsay,m
rand,m
randal,m
randell,m
randi,m
randie,m
randolf,m
randy,m
ransell,m
ransom,m
raoul,m
raphael,m
raul,m
ravil,m
rawley,m
ray,m
raymond,m
raymund,m
raymundo,m
raynard,m
rayner,m
raynor,m
reagan,m
red,m
redford,m
redmond,m
reece,m
reed,m
rees,m
reese,m
reg,m
regan,m
regen,m
reggie,m
reggis,m
reggy,m
reginald,m
reilly,m
reinhard,m
reinhold,m
remington,m
remus,m
renado,m
renaldo,m
renard,m
renato,m
renaud,m
renault,m
rene,m
reube,m
reuben,m
reuven,m
rex,m
rey,m
reynard,m
reynold,m
reynolds,m
reza,m
rhett,m
ric,m
ricard,m
ricardo,m
riccardo,m
rice,m
rich,m
richard,m
richardo,m
richie,m
richmond,m
richy,m
rick,m
rickey,m
ricki,m
rickie,m
ricky,m
rik,m
riley,m
rinaldo,m
ripley,m
ritch,m
ritchie,m
rob,m
robb,m
robbie,m
robert,m
robin,m
robinson,m
rochester,m
rock,m
rockwell,m
rod,m
rodd,m
roddie,m
roddy,m
roderic,m
roderich,m
roderick,m
roderigo,m
rodge,m
rodger,m
rodney,m
rodolfo,m
rodolph,m
rodolphe,m
rodrick,m
rodrigo,m
rodrique,m
roger,m
rogers,m
roice,m
roland,m
rolando,m
rolf,m
rolfe,m
rolland,m
rollin,m
rollins,m
rollo,m
rolph,m
romain,m
roman,m
romeo,m
ron,m
ronen,m
roni,m
ronnie,m
ronny,m
roosevelt,m
rory,m
roscoe,m
ross,m
roth,m
rourke,m
rowland,m
roy,m
royal,m
royce,m
rube,m
ruben,m
ruby,m
ruddie,m
rudie,m
rudiger,m
rudolf,m
rudolfo,m
rudolph,m
rudy,m
rudyard,m
rufe,m
rufus,m
rupert,m
ruperto,m
russ,m
russel,m
russell,m
rustie,m
rustin,m
rusty,m
rutger,m
rutherford,m
rutledge,m
rutter,m
ryan,m
sal,m
salem,m
salim,m
salman,m
salmon,m
salomo,m
salomon,m
salomone,m
salvador,m
salvatore,m
salvidor,m
sam,m
sammie,m
sammy,m
sampson,m
samson,m
samuel,m
samuele,m
sancho,m
sander,m
sanders,m
sanderson,m
sandor,m
sandro,m
sandy,m
sanford,m
sanson,m
sansone,m
sarge,m
sargent,m
sascha,m
sasha,m
saul,m
sauncho,m
saunder,m
saunders,m
saunderson,m
saundra,m
saw,m
sawyer,m
sawyere,m
sax,m
saxe,m
saxon,m
say,m
sayer,m
sayers,m
sayres,m
scarface,m
schroeder,m
schuyler,m
scot,m
scott,m
scotti,m
scottie,m
scotty,m
seamus,m
sebastian,m
sebastiano,m
sebastien,m
see,m
selig,m
serge,m
sergeant,m
sergei,m
sergent,m
sergio,m
seth,m
seymour,m
shadow,m
shaine,m
shalom,m
shamus,m
shanan,m
shane,m
shannan,m
shannon,m
shaughn,m
shaun,m
shaw,m
shawn,m
shay,m
shayne,m
shea,m
sheff,m
sheffie,m
sheffield,m
sheffy,m
shelby,m
shelden,m
sheldon,m
shell,m
shelley,m
shelton,m
shep,m
shepard,m
shepherd,m
sheppard,m
shepperd,m
sherlock,m
sherlocke,m
sherman,m
sherwin,m
sherwood,m
sherwynd,m
shimon,m
shlomo,m
sholom,m
shorty,m
shurlock,m
shurlocke,m
shurwood,m
si,m
sibyl,m
sid,m
siddhartha,m
sidnee,m
sidney,m
siegfried,m
siffre,m
sig,m
sigfrid,m
sigfried,m
sigmund,m
silas,m
silvain,m
silvan,m
silvano,m
silvanus,m
silvester,m
silvio,m
sim,m
simeon,m
simmonds,m
simone,m
sinclair,m
sinclare,m
sivert,m
siward,m
skell,m
skelly,m
skip,m
skipp,m
skipper,m
skippy,m
skipton,m
sky,m
skye,m
skylar,m
skyler,m
slade,m
slim,m
sloan,m
sloane,m
sly,m
smith,m
smitty,m
socrates,m
sol,m
sollie,m
solly,m
solomon,m
son,m
sonnie,m
sonny,m
sparky,m
spencer,m
spense,m
spenser,m
spike,m
spiros,m
spud,m
srinivas,m
stacy,m
staffard,m
staford,m
stan,m
standford,m
stanfield,m
stanford,m
stanislaw,m
stanleigh,m
stanley,m
stanly,m
stanton,m
stanwood,m
stavros,m
stearne,m
stefan,m
stefano,m
steffen,m
stephan,m
stephanus,m
stephen,m
sterling,m
stern,m
sterne,m
steve,m
steven,m
stevie,m
stevy,m
stew,m
stewart,m
stig,m
stillman,m
stillmann,m
sting,m
stinky,m
stirling,m
stu,m
stuart,m
sturgis,m
sullivan,m
sully,m
sumner,m
sunny,m
sutherland,m
sutton,m
sven,m
swen,m
syd,m
sydney,m
sylvan,m
sylvester,m
tab,m
tabb,m
tabbie,m
tabby,m
taber,m
tabor,m
tad,m
tadd,m
taddeo,m
taddeus,m
tailor,m
taite,m
talbert,m
talbot,m
tallie,m
tally,m
tam,m
tamas,m
tammie,m
tammy,m
tan,m
tann,m
tanner,m
tanney,m
tannie,m
tarrance,m
tarzan,m
tate,m
taylor,m
teador,m
ted,m
tedd,m
teddie,m
teddy,m
tedman,m
tedmund,m
tedrick,m
temp,m
temple,m
templeton,m
teodoor,m
teodor,m
teodorico,m
teodoro,m
terence,m
terrance,m
terrel,m
terrell,m
terrence,m
terri,m
terrill,m
terry,m
thacher,m
thad,m
thaddeus,m
thaddius,m
thaddus,m
thadeus,m
thain,m
thaine,m
thane,m
thatch,m
thatcher,m
thaxter,m
thayne,m
thebault,m
thedric,m
theo,m
theobald,m
theodor,m
theodore,m
theodoric,m
theophyllus,m
thibaud,m
thibaut,m
thom,m
thomas,m
thor,m
thorn,m
thorndike,m
thornie,m
thorny,m
thorpe,m
thorstein,m
thorsten,m
thorvald,m
thurstan,m
thurston,m
tiebold,m
tiebout,m
tiler,m
tim,m
timmie,m
timmy,m
timothee,m
timotheus,m
timothy,m
tirrell,m
tito,m
titus,m
tobe,m
tobiah,m
tobias,m
tobie,m
tobin,m
tobit,m
toby,m
todd,m
toddie,m
toddy,m
tomas,m
tome,m
tomkin,m
tomlin,m
tommie,m
tommy,m
tonnie,m
tony,m
tore,m
torey,m
torin,m
torr,m
torrance,m
torrence,m
torrin,m
torry,m
town,m
towney,m
townie,m
townsend,m
towny,m
trace,m
tracey,m
tracie,m
tracy,m
traver,m
travers,m
travis,m
tre,m
tremain,m
tremaine,m
tremayne,m
trent,m
trenton,m
trev,m
trever,m
trevor,m
trip,m
troy,m
truman,m
tuck,m
tucker,m
tuckie,m
tucky,m
tudor,m
tull,m
tulley,m
tully,m
turner,m
ty,m
tybalt,m
tye,m
tyler,m
tymon,m
tymothy,m
tynan,m
tyrone,m
tyson,m
udale,m
udall,m
udell,m
ugo,m
ulberto,m
uli,m
ulick,m
ulises,m
ulric,m
ulrich,m
ulrick,m
ulysses,m
umberto,m
urban,m
urbanus,m
uri,m
uriah,m
uriel,m
urson,m
vachel,m
vaclav,m
vail,m
val,m
valdemar,m
vale,m
valentin,m
valentine,m
van,m
vance,m
vasili,m
vasilis,m
vasily,m
vassili,m
vassily,m
vaughan,m
vaughn,m
venkat,m
verge,m
vergil,m
vern,m
vernen,m
vernon,m
vernor,m
vic,m
vick,m
victor,m
vijay,m
vilhelm,m
vince,m
vincent,m
vincents,m
vinnie,m
vinny,m
virge,m
virgie,m
virgil,m
virgilio,m
vite,m
vito,m
vlad,m
vladamir,m
vladimir,m
voltaire,m
von,m
wade,m
wadsworth,m
wain,m
wainwright,m
wait,m
waite,m
waiter,m
wake,m
wakefield,m
wald,m
waldemar,m
walden,m
waldo,m
waldon,m
waleed,m
walker,m
wallace,m
wallache,m
wallas,m
wallie,m
wallis,m
wally,m
walsh,m
walt,m
walter,m
walther,m
wang,m
ward,m
warde,m
warden,m
ware,m
waring,m
warner,m
warren,m
wash,m
washington,m
wat,m
waverley,m
waverly,m
way,m
waylan,m
wayland,m
waylen,m
waylin,m
wayne,m
web,m
webb,m
weber,m
webster,m
weidar,m
weider,m
welbie,m
welby,m
wells,m
welsh,m
wendall,m
wendell,m
werner,m
wes,m
wesley,m
weslie,m
west,m
westbrook,m
westbrooke,m
westleigh,m
westley,m
weston,m
wheeler,m
whit,m
whitaker,m
whitby,m
whitman,m
whitney,m
whittaker,m
wiatt,m
wilber,m
wilbert,m
wilbur,m
wilburn,m
wilburt,m
wilden,m
wildon,m
wilek,m
wiley,m
wilfred,m
wilfrid,m
will,m
willard,m
willdon,m
willem,m
willey,m
willi,m
william,m
willie,m
willis,m
willmott,m
willy,m
wilmar,m
wilmer,m
wilt,m
wilton,m
win,m
windham,m
winfield,m
winford,m
winfred,m
winifield,m
winn,m
winnie,m
winny,m
winston,m
winthrop,m
winton,m
wit,m
witold,m
wittie,m
witty,m
wojciech,m
wolf,m
wolfgang,m
wolfie,m
woochang,m
wood,m
woodie,m
woodman,m
woodrow,m
worden,m
worth,m
worthington,m
worthy,m
wright,m
wyatan,m
wyatt,m
wye,m
wylie,m
wyn,m
wynn,m
wynton,m
xavier,m
xenos,m
xerxes,m
xever,m
ximenes,m
ximenez,m
xymenes,m
yaakov,m
yacov,m
yale,m
yanaton,m
yance,m
yancey,m
yancy,m
yank,m
yankee,m
yard,m
yardley,m
yehudi,m
yigal,m
yuri,m
yves,m
zacharia,m
zacharias,m
zacharie,m
zachary,m
zacherie,m
zachery,m
zack,m
zackariah,m
zak,m
zalman,m
zane,m
zared,m
zary,m
zebadiah,m
zebedee,m
zebulen,m
zebulon,m
zechariah,m
zed,m
zedekiah,m
zeke,m
zelig,m
zerk,m
zeus,m
zippy,m
zollie,m
zolly,m
zorro,m
rahul,m
shumeet,m
vibhu,m
abele,m
abramo,m
achille,m
adalberto,m
adalfieri,m
adamo,m
adolfo,m
adriano,m
agapeto,m
agapito,m
agostino,m
alberto,m
alessandro,m
alessio,m
alfeo,m
alfonso,m
alfredo,m
alonzo,m
alphonso,m
alvise,m
amadeo,m
amando,m
amato,m
ambrogino,m
ambrogio,m
ameplio,m
amerigo,m
anacleto,m
anastagio,m
anastasio,m
anatolio,m
andrea,m
angelo,m
anjelo,m
anselmo,m
antonello,m
antonino,m
antonio,m
arcangelo,m
arduino,m
armando,m
armanno,m
aroldo,m
arrigo,m
arturo,m
attilio,m
augusto,m
aurelio,m
baldassare,m
baldovino,m
bartolo,m
bartolomeo,m
bartolommeo,m
basilio,m
battista,m
belveder,m
benedetto,m
beniamino,m
benito,m
benvenuto,m
beppe,m
bernardino,m
bernardo,m
bertoldo,m
bertrando,m
bettino,m
biaggio,m
biagio,m
callisto,m
calogero,m
calvino,m
camillo,m
carlo,m
carlos,m
casmiro,m
celestino,m
celio,m
cencio,m
cesarino,m
ciriaco,m
cirilo,m
ciro,m
clemente,m
colombano,m
concetto,m
corradeo,m
cosimo,m
cristiano,m
croccifixio,m
cross,m
dante,m
davide,m
desi,m
dezi,m
domenico,m
donato,m
durante,m
edoardo,m
egdio,m
elia,m
eliodoro,m
emanuele,m
emilio,m
enrico,m
ercole,m
ermete,m
ernesto,m
ettore,m
eusebio,m
eustorgio,m
ezzelin,m
fabio,m
fabrizio,m
fazio,m
federico,m
felice,m
felippo,m
ferruccio,m
filipo,m
fillipo,m
fiorenzo,m
flavio,m
florentino,m
fons,m
fonz,m
fortino,m
francesco,m
frediano,m
fulvio,m
gaetan,m
gaetano,m
gavino,m
gennaro,m
genovese,m
geovani,m
gerardo,m
gerolamo,m
gervasio,m
giacomo,m
giampaolo,m
gian,m
giancinto,m
gianluca,m
gianmarco,m
gianni,m
gianpaolo,m
gianpiero,m
gioacchino,m
giona,m
giosia,m
giotto,m
giovanni,m
girolamo,m
giustino,m
graziano,m
gregorio,m
guerino,m
guido,m
hieronomo,m
ignazio,m
innocenzo,m
isaia,m
jacopo,m
ladislao,m
larenz,m
lauro,m
lazaro,m
leandro,m
leonardo,m
lerenzo,m
liborio,m
liugi,m
lodovico,m
lorenzo,m
lothario,m
luciano,m
ludovico,m
luka,m
manlio,m
marcelino,m
marcello,m
marco,m
marino,m
marsalis,m
marzio,m
massimiliano,m
matteo,m
maximino,m
melchiorre,m
michaelangelo,m
michele,m
mylon,m
napoleone,m
natanaele,m
nerio,m
nestore,m
niccolo,m
nicodemo,m
nicolas,m
nicomedo,m
nino,m
nunzio,m
olivero,m
orfeo,m
orsino,m
osvaldo,m
ottaviano,m
palmiro,m
paolino,m
paride,m
pasqualino,m
piero,m
pino,m
pompeo,m
porfirio,m
primo,m
prudenzio,m
rafaele,m
raffaello,m
rainieri,m
remigio,m
renardo,m
renzo,m
riccardo,m
rico,m
rinaldo,m
roberto,m
rodolfo,m
romario,m
romeo,m
romy,m
rudolpho,m
ruggerio,m
ruggiero,m
sabino,m
sal,m
samuele,m
saturno,m
savino,m
scevola,m
serafino,m
serveriano,m
settimio,m
severino,m
siffredo,m
silvano,m
simone,m
stefano,m
taddeo,m
tancredo,m
teobaldo,m
teodosio,m
terenzio,m
thorello,m
timoteo,m
tiziano,m
tore,m
tulio,m
uberto,m
ucello,m
ulderico,m
ullivieri,m
urbano,m
valentino,m
vanni,m
venceslao,m
vico,m
vincenzo,m
virgilio,m
vito,m
zan,m
aaron,m
abbott,m
abdul,m
abe,m
abel,m
abraham,m
absalom,m
adair,m
adam,m
addison,m
adler,m
adonis,m
adrian,m
aidan,m
ajay,m
akira,m
alastair,m
albert,m
aldwin,m
alex,m
alexis,m
alfred,m
alger,m
alphonse,m
alston,m
alton,m
amber,m
ambrose,m
americo,m
amin,m
amir,m
amos,m
an,m
ananias,m
ancil,m
andre,m
andrew,m
andy,m
angelo,m
anh,m
ansel,m
ansley,m
anson,m
anthony,m
anton,m
antonio,m
apollo,m
aramis,m
archer,m
archibald,m
archie,m
ardell,m
arden,m
ardley,m
argus,m
argyle,m
ariel,m
aristotle,m
arley,m
arman,m
armand,m
armstrong,m
arnette,m
arnie,m
arnold,m
arsenio,m
artemus,m
artie,m
arvid,m
asa,m
ashanti,m
ashburn,m
ashby,m
ashley,m
ashon,m
ashton,m
aston,m
athan,m
atkins,m
atlas,m
atley,m
attila,m
atwell,m
aubrey,m
auburn,m
audrey,m
august,m
aurelio,m
austin,m
averell,m
avery,m
axel,m
ayers,m
ackerley,m
adney,m
allard,m
amherst,m
aquiline,m
arledge,m
artis,m
audrey,m
bail,m
bancroft,m
barlet,m
barrington,m
beasley,m
berry,m
bertie,m
billy,m
birney,m
blythe,m
bond,m
bradburn,m
bradon,m
bradshaw,m
bramwell,m
brayden,m
brentley,m
brenton,m
brigham,m
bromley,m
bryton,m
bundy,m
burleigh,m
burnett,m
burton,m
cable,m
cameron,m
carsen,m
cedrick,m
chance,m
chapman,m
chaucey,m
cleve,m
cliff,m
cody,m
cooper,m
dalan,m
daniel,m
danish,m
darton,m
darwyn,m
dayton,m
delvin,m
denver,m
denzel,m
drue,m
dunstano,m
dyer,m
easton,m
ebner,m
edison,m
edward,m
elian,m
ellsworth,m
elston,m
elvin,m
erland,m
ervine,m
ever,m
ewing,m
farlane,m
farnell,m
farrar,m
filbert,m
fiske,m
fleming,m
ford,m
forester,m
frey,m
garfield,m
garrison,m
garroway,m
geary,m
gerry,m
gilbert,m
godwin,m
goldwin,m
graham,m
graydon,m
greyson,m
haden,m
haig,m
halbert,m
halifax,m
hallward,m
harding,m
harper,m
harrington,m
hartwell,m
heath,m
hilton,m
holmes,m
howie,m
howland,m
hunt,m
hutchinson,m
hyman,m
isaac,m
jagger,m
jameson,m
jarrell,m
jay,m
joshua,m
keaton,m
kemp,m
kendrell,m
kenward,m
key,m
kian,m
kingston,m
kirkley,m
klayton,m
kohl,m
kolt,m
koltan,m
lane,m
lathrop,m
lawson,m
lawton,m
leighton,m
lew,m
litton,m
lleyton,m
lord,m
lynden,m
maitland,m
mansfield,m
marden,m
marley,m
marston,m
mason,m
mavis,m
mayhew,m
merlin,m
milborough,m
moe,m
morgan,m
morley,m
nathan,m
newbold,m
nicholson,m
northcliff,m
nowles,m
nye,m
ormond,m
oswald,m
oxton,m
ozzie,m
padget,m
parr,m
pearson,m
pendle,m
peton,m
philbert,m
pickworth,m
pitt,m
preston,m
quenton,m
radford,m
raine,m
ralf,m
rand,m
ransford,m
rawleigh,m
raymond,m
redley,m
redpath,m
renton,m
reynold,m
ricker,m
ridgeway,m
ridley,m
ripley,m
roan,m
robin,m
roddy,m
rodney,m
rollo,m
rowell,m
royden,m
rumford,m
rycroft,m
rye,m
rylan,m
saige,m
sander,m
sax,m
seaton,m
sedgely,m
selby,m
sexton,m
shattuck,m
shelley,m
sherborn,m
sherill,m
shipley,m
sinjin,m
sladen,m
somerton,m
spear,m
stacey,m
stancliff,m
starr,m
stedman,m
stephenson,m
stevie,m
stockman,m
stoney,m
strong,m
stuart,m
suffield,m
sutcliff,m
swinbourne,m
symington,m
tallon,m
taner,m
tate,m
teasdale,m
templeton,m
thom,m
thorne,m
thurman,m
tilton,m
tolbert,m
tomlin,m
topper,m
torrie,m
treat,m
trey,m
truesdale,m
truman,m
tucker,m
ty,m
tymothy,m
vail,m
vince,m
wade,m
waite,m
walcott,m
wallace,m
walworth,m
wardell,m
wardley,m
warmond,m
watford,m
waylon,m
wellington,m
wesley,m
weylin,m
whistler,m
whitford,m
whitney,m
wilder,m
wilson,m
winfield,m
wingate,m
winthrop,m
wolfe,m
woodruff,m
wordsworth,m
wriston,m
wythe,m
young,m
michio,m
miki,m
mikio,m
minori,m
minoru,m
mitsuo,m
nao,m
naoki,m
naoko,m
noboru,m
nobuo,m
nobuyuki,m
nori,m
norio,m
osamu,m
rafu,m
raiden,m
rokuro,m
ronin,m
ryo,m
ryoichi,m
ryota,m
ryozo,m
ryuichi,m
ryuu,m
saburo,m
sadao,m
samuru,m
satoshi,m
seiichi,m
seiji,m
senichi,m
shichiro,m
shig,m
shigekazu,m
shigeo,m
shigeru,m
shima,m
shin,m
shinichi,m
shoichi,m
shoji,m
shuichi,m
shunichi,m
sin'ichi,m
susumu,m
tadashi,m
takahiro,m
takao,m
takashi,m
takayuki,m
takehiko,m
takeshi,m
takeshi,m
takumi,m
tama,m
tamotsu,m
taro,m
tatsuo,m
tatsuya,m
teruo,m
tetsuya,m
tomi,m
tomio,m
toru,m
toshi,m
toshiaki,m
toshihiro,m
toshio,m
toshiyuki,m
toyo,m
tsuneo,m
tsutomu,m
tsuyoshi,m
yasuhiro,m
yasuo,m
yasushi,m
yemon,m
yogi,m
yoichi,m
yori,m
yoshi,m
yoshiaki,m
yoshikazu,m
yoshimitsu,m
yoshinori,m
yoshio,m
yoshito,m
yoshiyuki,m
yuji,m
yuki,m
yukio,m
yuri,m
yutaka,m
yuu,m
yuudai,m
akemi,m
aki,m
akihiko,m
akihiro,m
akio,m
amida,m
atsushi,m
dai,m
daiki,m
daisuke,m
eiji,m
fujita,m
fumio,m
goro,m
hachiro,m
hajime,m
haru,m
hideaki,m
hideki,m
hideo,m
hiro,m
hiroaki,m
hiroki,m
hiromasa,m
hiroshi,m
hiroyuki,m
hisao,m
hisashi,m
hisoka,m
ichiro,m
isamu,m
isao,m
isas,m
iwao,m
izanagi,m
jiro,m
jo,m
joji,m
jun,m
jun'ichi,m
kanaye,m
kane,m
kano,m
katashi,m
katsu,m
katsuro,m
kazuhiko,m
kazuhiro,m
kazuo,m
keiji,m
ken,m
kenichi,m
kenji,m
kenta,m
kichiro,m
kin,m
kioshi,m
kisho,m
kiyoshi,m
koichi,m
koji,m
kyo,m
madoka,m
mamoru,m
manabu,m
masa,m
masaaki,m
masahiko,m
masahiro,m
masakazu,m
masaki,m
masanori,m
masao,m
masaru,m
masato,m
masayoshi,m
masayuki,m
michi,m
abbas,m
adem,m
ahmed,m
ahmet,m
alp,m
arash,m
arif,m
arkados,m
ata,m
aydin,m
aykut,m
bagatur,m
baghadur,m
baghatur,m
bahadir,m
bahi,m
baki,m
bari,m
baris,m
basir,m
bedir,m
berk,m
berkant,m
berker,m
bora,m
bulut,m
cagatay,m
cagri,m
cahit,m
cairo,m
can,m
candan,m
cengiz,m
coskun,m
direnc,m
ediz,m
emin,m
emre,m
engin,m
erdem,m
erdogan,m
eren,m
erol,m
evner,m
eyup,m
fadahunsi,m
fatin,m
feza,m
goker,m
guven,m
hakan,m
hakeem,m
halim,m
halit,m
hasad,m
himmet,m
hud,m
ibrahim,m
ihsan,m
ilhan,m
ilker,m
ilkin,m
iskander,m
iskender,m
ismet,m
jadallah,m
jebran,m
kabil,m
kadim,m
kadir,m
kahraman,m
kebir,m
kemal,m
kerem,m
khalid,m
khan,m
kiral,m
koray,m
kudret,m
levent,m
madarik,m
mamun,m
mehmed,m
mehmet,m
messut,m
mesud,m
mesut,m
metin,m
mukhtar,m
murat,m
muzaffer,m
nazik,m
nche,m
necati,m
ohannes,m
onan,m
osman,m
ottmar,m
oz,m
ozkan,m
ozqur,m
ozturk,m
qamar,m
rakin,m
said,m
salik,m
savas,m
sener,m
serhat,m
serkan,m
sevilen,m
sevim,m
shakir,m
sinan,m
soner,m
sukru,m
sukuru,m
suleiman,m
suleyman,m
tabari,m
tabib,m
temel,m
temin,m
tevfik,m
thabit,m
tolga,m
tugay,m
turan,m
turgay,m
umit,m
uner,m
volkan,m
xerxes,m
yavuz,m
yurcel,m
zeheb,m
zeki,m
ziya,m
zuhayr,m
adrik,m
afanas,m
afanasei,m
afanasii,m
akim,m
aleksei,m
aleksey,m
ambrosii,m
anastas,m
anastase,m
andrei,m
andrian,m
andrii,m
anisim,m
arkhip,m
arman,m
arseni,m
arseniy,m
baran,m
berdy,m
bohdan,m
boleslav,m
boris,m
borys,m
brencis,m
burian,m
cheslav,m
darit,m
denis,m
desya,m
dima,m
dmitrii,m
dmitriy,m
dmitry,m
dobry,m
dorofei,m
dorofey,m
egor,m
evgeni,m
evgenii,m
evgeniy,m
faddei,m
fadey,m
fedya,m
fedyenka,m
feliks,m
feofilakt,m
ferapont,m
florenti,m
foka,m
foma,m
garald,m
gavan,m
gedeon,m
gennadi,m
georgy,m
gerasim,m
german,m
gorya,m
grigori,m
grigorii,m
gyorgy,m
hedeon,m
helge,m
ipati,m
ippolit,m
isaak,m
isay,m
jasha,m
kamen,m
kazimir,m
kenya,m
kiril,m
kirill,m
klavdii,m
kliment,m
kolzak,m
konstantin,m
lavrentiy,m
lavrenty,m
lazar,m
leon,m
leonid,m
leonti,m
makar,m
martyn,m
maxim,m
mefodiy,m
mikhail,m
nazar,m
nazariy,m
nikodim,m
oleg,m
onisim,m
pabel,m
pavel,m
romochka,m
saveli,m
saveliy,m
savely,m
sergey,m
serguei,m
sevastian,m
slavik,m
spiridon,m
stanimir,m
stephan,m
timour,m
timur,m
tisha,m
tuman,m
tusya,m
vadim,m
valery,m
vanya,m
vassily,m
vasya,m
venedikt,m
vikenti,m
viktor,m
vlad,m
wladimir,m
vladislav,m
vsevolod,m
wanya,m
yan,m
yanick,m
yasen,m
yasha,m
yedidya,m
yemelyan,m
yevgeni,m
youri,m
yov,m
yuri,m
yustyn,m
zakhar,m
zinoviy,m
abelardo,m
alejandro,m
anton,m
antonin,m
arlo,m
arrio,m
artemio,m
bebe,m
beinvenido,m
bembe,m
bertin,m
buinton,m
carlito,m
carlos,m
cedro,m
che,m
chago,m
charro,m
chavez,m
checha,m
cheche,m
chenche,m
chencho,m
chicho,m
chilo,m
chuminga,m
chumo,m
cid,m
cidro,m
cisco,m
clodoveo,m
cortez,m
dacey,m
dalmacio,m
dantel,m
dario,m
dasio,m
dato,m
deante,m
decarlos,m
decimus,m
decio,m
decoroso,m
delmar,m
deocaro,m
deodato,m
deseado,m
desiderio,m
desierto,m
deuce,m
dexter,m
diego,m
dominic,m
donaldo,m
duardo,m
duran,m
edgardo,m
edmundo,m
efren,m
elonzo,m
elvio,m
emerenciano,m
emilien,m
emilio,m
eron,m
ermano,m
ermino,m
ernesto,m
estevan,m
evarado,m
ezio,m
faron,m
faroh,m
farruco,m
favian,m
felisardo,m
fermin,m
fico,m
fidel,m
fidencio,m
filiberto,m
floriano,m
focio,m
fraco,m
francisco,m
fraterno,m
fredo,m
galeaso,m
galeno,m
gallan,m
ganimedes,m
garcia,m
genaro,m
gencio,m
geraldo,m
gilberto,m
gonzalo,m
graciano,m
grau,m
grimoaldo,m
guillermo,m
gustavo,m
gutierre,m
herculano,m
hilario,m
hipacio,m
hipolito,m
horacio,m
horado,m
huberto,m
iggy,m
ilidio,m
incencio,m
incendio,m
indibil,m
isadoro,m
jade,m
jenaro,m
joaquin,m
jorgeluis,m
jose,m
josealfredo,m
joseantonio,m
josemanuel,m
josue,m
juan,m
julian,m
justino,m
karlos,m
laurencio,m
lelio,m
libanio,m
lisandro,m
lobo,m
lorenzo,m
lucio,m
luis,m
luisenrique,m
mio,m
macario,m
maceo,m
macerio,m
maciel,m
mancio,m
mango,m
marceliano,m
marius,m
martinez,m
martese,m
mateo,m
matteo,m
mauricio,m
merlino,m
miguel,m
mique,m
mirco,m
montez,m
naldo,m
naolin,m
napier,m
natal,m
nelo,m
nemesio,m
neopolo,m
nero,m
neron,m
nesto,m
nestor,m
neto,m
nigel,m
niguel,m
norberto,m
oalo,m
octavio,m
oleos,m
olivero,m
oratio,m
ostiano,m
oswaldo,m
othello,m
pancho,m
paquito,m
patricio,m
paz,m
pedro,m
pepe,m
perico,m
peyo,m
pilar,m
pilato,m
pio,m
pitin,m
porcio,m
porfirio,m
prudencio,m
pueblo,m
quintiliano,m
quito,m
rafael,m
ramirez,m
raymon,m
real,m
remedio,m
remegio,m
renzo,m
respicio,m
rey,m
reynaldo,m
ricardo,m
rio,m
riqui,m
rodrigo,m
rodriquez,m
rogelio,m
rolon,m
roman,m
romulus,m
salamon,m
salviano,m
santino,m
sarito,m
secundus,m
segundino,m
selesio,m
senon,m
sereno,m
servando,m
sidonio,m
siervo,m
silverio,m
simeon,m
socorro,m
stancio,m
taciano,m
tarsicio,m
tatius,m
tauro,m
tavio,m
teyo,m
tiago,m
ticiano,m
tino,m
topo,m
toro,m
turi,m
tutu,m
valien,m
valiente,m
valor,m
varian,m
ventura,m
vergil,m
victor,m
vidal,m
vincente,m
vito,m
viviano,m
vladimiro,m
xenaro,m
xeneroso,m
ximen,m
ximenes,m
xusto,m
yago,m
yobanis,m
zacaris,m
bao,m
bay,m
bianh,m
binh,m
buu,m
chien,m
chinh,m
cuong,m
dai,m
danh,m
dinh,m
duc,m
dung,m
duong,m
duy,m
gia,m
hao,m
christian,m
christian,m
christian,m
christian,m
kristian,m
kilian,m
detlef,m
stephan,m
stefan,m
hien,m
hieu,m
hoang,m
hoc,m
hung,m
huu,m
huy,m
huynh,m
hy,m
kim,m
lap,m
long,m
minh,m
nam,m
ngai,m
nghia,m
aidan,m
alan,m
argyle,m
arlen,m
bain,m
bainbridge,m
banan,m
bard,m
beacan,m
beagan,m
blaine,m
bowie,m
brannen,m
breandan,m
breck,m
brendan,m
brian,m
brodie,m
cadman,m
cadmar,m
cahal,m
caley,m
callahan,m
callum,m
canice,m
car,m
carney,m
carrick,m
carroll,m
casey,m
cass,m
cassie,m
cathal,m
cavan,m
cavin,m
cearul,m
cian,m
ciaran,m
cillian,m
clancy,m
clooney,m
coilin,m
colm,m
colman,m
conall,m
conan,m
conchobhar,m
conlaoch,m
conleth,m
corey,m
cormac,m
cronan,m
dalaigh,m
daran,m
darby,m
darien,m
darren,m
daryn,m
declan,m
dempsey,m
dermot,m
desmond,m
devan,m
devin,m
diarmuid,m
dillian,m
dinsmore,m
dolan,m
donnell,m
donyell,m
dougal,m
doyle,m
dubham,m
dubhlainn,m
dwayne,m
eamon,m
eirnin,m
enda,m
ennis,m
eoghan,m
evan,m
faolan,m
farrell,m
feidhelm,m
fergal,m
fergus,m
finbar,m
fineas,m
finlay,m
finnegan,m
fintan,m
fionn,m
flynn,m
gael,m
galbraith,m
galloway,m
gannon,m
garrett,m
garvey,m
gerrit,m
gilchrist,m
gillespie,m
gilroy,m
girvin,m
glenrowan,m
godfrey,m
grady,m
hagen,m
haley,m
harkin,m
hogan,m
hugh,m
innis,m
irv,m
irvin,m
kaelan,m
kaenan,m
kagan,m
kallen,m
karney,m
kassidy,m
kaylan,m
kaylon,m
keano,m
kearney,m
keaven,m
keefe,m
keegan,m
keelan,m
keeley,m
keenen,m
kegan,m
keilan,m
keion,m
keiran,m
keivan,m
kelan,m
keller,m
kelly,m
kenan,m
kendric,m
kennedy,m
kenneth,m
kennith,m
kenyon,m
kermit,m
kerry,m
kevin,m
kevion,m
kevyn,m
keyan,m
kian,m
kienan,m
kieran,m
kinnard,m
kirian,m
konner,m
korrigan,m
kraig,m
ky,m
kylan,m
kylian,m
larkin,m
lawler,m
lennon,m
lian,m
liem,m
lochan,m
lochlan,m
logan,m
lorcan,m
lunn,m
lynch,m
macallister,m
maccoy,m
mackenzie,m
mackinley,m
maclean,m
macmurray,m
madon,m
magee,m
mahon,m
makenzie,m
malachy,m
malvin,m
mannix,m
mccoy,m
mckinley,m
melrone,m
melvin,m
merv,m
mickey,m
monahan,m
monroe,m
moss,m
neil,m
nevin,m
niall,m
nolan,m
odhran,m
oisin,m
owney,m
padraic,m
parth,m
pearse,m
phelan,m
phinean,m
quillan,m
quinn,m
rafer,m
raghnall,m
reagan,m
redmond,m
reilly,m
renny,m
rian,m
riddock,m
riordan,m
ronan,m
ruairi,m
ryan,m
ryen,m
scanlon,m
scully,m
seamus,m
sean,m
shai,m
shain,m
shan,m
shane,m
shannon,m
shawn,m
shaye,m
sheary,m
sheehan,m
sheridan,m
sloan,m
strahan,m
sweeney,m
taggart,m
tain,m
teagan,m
teague,m
tenner,m
tiarnan,m
tiarnan,m
tighe,m
tomey,m
torian,m
tormey,m
torn,m
torrance,m
torrin,m
trebor,m
trevar,m
trevor,m
troy,m
tully,m
uaine,m
ualtar,m
uilliam,m
uistean,m
ultan,m
addolorata,f
adoracion,f
adriana,f
adrienna,f
adrienne,f
agata,f
agostina,f
aida,f
aixa,f
alba,f
albertina,f
alda,f
alessa,f
alessandra,f
alessia,f
alica,f
allegria,f
aloma,f
alonza,f
amadea,f
amaranta,f
ambra,f
amedea,f
anata,f
andreana,f
andreyna,f
angelica,f
annalisa,f
annetta,f
annunciata,f
annunziata,f
anonciada,f
anthony,f
antonietta,f
anzia,f
aparicia,f
ardella,f
aricela,f
arvella,f
aryana,f
assunta,f
augustina,f
auristela,f
avis,f
---,f
bambi,f
beata,f
benedicta,f
bianca,f
bianka,f
bionca,f
blanca,f
bonafila,f
brina,f
caeli,f
caltha,f
camelia,f
camila,f
candida,f
capri,f
carina,f
carling,f
carlotta,f
carolina,f
caryl,f
ceanna,f
ceres,f
chassidy,f
chiara,f
cinnia,f
clarisse,f
clemence,f
concetta,f
connie,f
crista,f
crysta,f
crystal,f
daniela,f
dejanira,f
dextra,f
dianora,f
digna,f
divya,f
donia,f
donna,f
donya,f
doreen,f
drusi,f
eligia,f
eligia,f
elimena,f
emerita,f
emilia,f
ermine,f
faline,f
fe,f
feliciana,f
felicitas,f
filippa,f
filomena,f
fiorel,f
fiorella,f
flaviana,f
francesca,f
francisca,f
fronde,f
gabriela,f
gabriella,f
garcia,f
gentl,f
geovanna,f
gessica,f
gia,f
giacinta,f
gianna,f
gina,f
giordana,f
giovanni,f
giulana,f
giulia,f
giunia,f
giuseppina,f
gloria,f
grecia,f
guillelmina,f
idara,f
imogene,f
inmaculada,f
isabela,f
italina,f
jacobella,f
jae,f
jianna,f
jillaine,f
joslin,f
jovannie,f
jovina,f
julia,f
justin,f
justyna,f
jyllian,f
kamelia,f
kamie,f
klementine,f
lacole,f
laeticia,f
latisha,f
laura,f
laurence,f
lave,f
laviana,f
ledicia,f
leonila,f
libertad,f
lide,f
lionetta,f
lirica,f
lorenza,f
lucerne,f
lucia,f
lucrezia,f
lucy,f
madonna,f
majesta,f
marceliana,f
marcella,f
marena,f
margarita,f
mariaelena,f
marica,f
marice,f
marietta,f
mariola,f
markell,f
marsala,f
martia,f
maxima,f
mellea,f
merces,f
mesalina,f
messina,f
mia,f
michel,f
michele,f
michelina,f
micheline,f
milan,f
milana,f
mirabel,f
modesta,f
myra,f
neoline,f
nicola,f
noleta,f
nolita,f
olethea,f
ona,f
ora,f
orazia,f
orlena,f
orquidea,f
ortensia,f
otavia,f
paciana,f
paola,f
patrizia,f
paulette,f
peramata,f
perlita,f
pila,f
piscina,f
placida,f
poppy,f
precila,f
primavera,f
priscila,f
prudence,f
quartilla,f
quintilia,f
raine,f
refugio,f
restituta,f
ricadonna,f
ronica,f
rosa,f
rosella,f
rosetta,f
rufa,f
sabina,f
salustiana,f
salvatora,f
savina,f
september,f
serotina,f
severina,f
shilah,f
silvia,f
stella,f
sylvana,f
taesha,f
teara,f
tera,f
terrene,f
tiarra,f
tifani,f
tiffy,f
torcuata,f
traviata,f
trish,f
tristin,f
umbelina,f
val,f
valentia,f
valli,f
vedette,f
venecia,f
venetia,f
venezia,f
venice,f
verbena,f
verita,f
veronika,f
vi,f
victory,f
viktoria,f
virgilia,f
visitacion,f
vivalda,f
xabrina,f
yoseline,f
zia,f
zinerva,f
zoila,f
zola,f
adana,f
adela,f
adeline,f
adison,f
adiva,f
adleigh,f
adora,f
adoracion,f
adrian,f
adrina,f
aiden,f
aimee,f
aina,f
airianna,f
aiya,f
akemi,f
alana,f
aldana,f
aldora,f
alex,f
alfreda,f
alicen,f
alicia,f
aliya,f
allison,f
allysha,f
alma,f
almunda,f
aloise,f
alvina,f
amalia,f
amaliah,f
amana,f
amancia,f
amanda,f
amba,f
ambalika,f
amberlee,f
ambra,f
amelia,f
amita,f
anais,f
anamaria,f
anarosa,f
ancora,f
andeana,f
andra,f
andresa,f
angelique,f
angelisa,f
anh,f
anissa,f
ann,f
anne,f
anona,f
ansleigh,f
anya,f
anyssa,f
anzia,f
apia,f
april,f
ardelle,f
arden,f
arella,f
ari,f
arianne,f
arica,f
arietta,f
arleigh,f
arlette,f
armine,f
arnette,f
arnonna,f
artha,f
arthelea,f
arti,f
artis,f
asheley,f
ashlea,f
ashleigh,f
ashlyn,f
ashten,f
aspen,f
astra,f
atalia,f
atanasia,f
athalia,f
aubriana,f
audra,f
audree,f
audrey,f
audrina,f
aurelia,f
avaline,f
avery,f
aya,f
ayah,f
aziza,f
addison,f
adelina,f
adilene,f
adison,f
adriane,f
airianna,f
alishia,f
allison,f
allysen,f
alvina,f
anabel,f
anamaria,f
anisha,f
ann,f
ann marie,f
annaliesa,f
annie,f
ardine,f
arlette,f
asheley,f
ashlan,f
ashlea,f
ashlin,f
ashtyn,f
astra,f
audreanne,f
audrey,f
audriana,f
avaline,f
avian,f
baylea,f
beverly,f
billie,f
blake,f
blossom,f
blythe,f
bonnie,f
braeden,f
brandon,f
bree,f
brillana,f
brittan,f
britton,f
brittony,f
brook,f
bryttani,f
cady,f
carleigh,f
carley,f
carolynn,f
catie,f
chance,f
chandler,f
channing,f
charlene,f
chelsey,f
cherish,f
chevonne,f
chrissy,f
clare,f
codi,f
cooper,f
coralin,f
cortnee,f
courtney,f
dalton,f
darla,f
darnell,f
darnelle,f
dawn,f
daylan,f
daytona,f
delight,f
della,f
delores,f
deysi,f
doe,f
domino,f
dona,f
dreama,f
dutchess,f
earlene,f
earwyn,f
ebony,f
edeline,f
edeva,f
edith,f
elethea,f
eletta,f
ella,f
ellice,f
elvia,f
enchanta,f
eppie,f
erthe,f
estee,f
farrah,f
faythe,f
fern,f
fleta,f
flossie,f
gardenia,f
gayle,f
genna,f
georgene,f
geri,f
gidget,f
ginny,f
godgifu,f
goldine,f
nilufar,f
gracie,f
grant,f
grayson,f
gypsy,f
haile,f
halsey,f
harlee,f
harleen,f
harper,f
haylan,f
heather,f
henrietta,f
holly,f
hollyann,f
hollyn,f
hope,f
idalis,f
imogene,f
ivey,f
jackie,f
jan,f
jannie,f
jayne,f
jaynee,f
jeraldine,f
joana,f
joleen,f
julie,f
kaira,f
kandi,f
karalynn,f
kastle,f
kathryn,f
katreen,f
katy,f
kaylee,f
keeley,f
kendahl,f
kendell,f
kenley,f
kim,f
kimberly,f
kindra,f
kizzy,f
kym,f
kymberly,f
kymberlyn,f
lallie,f
laney,f
lanie,f
lark,f
laureanne,f
laurianne,f
laveda,f
leeanne,f
leoma,f
levita,f
lillyann,f
lindsay,f
linsey,f
lisbeth,f
liz,f
lizbeth,f
lorena,f
lulie,f
lynae,f
lyndell,f
lynn,f
madalaine,f
maddison,f
madelena,f
madelene,f
mae,f
malva,f
marcelina,f
maretta,f
margie,f
maridel,f
marlaina,f
marta,f
marti,f
mary ann,f
mavis,f
meg,f
melicent,f
mercia,f
mercy,f
mildred,f
missy,f
myla,f
nelly,f
norma,f
norvella,f
odella,f
oriel,f
ornelle,f
osma,f
parker,f
patience,f
payge,f
pierce,f
precious,f
princess,f
rainbow,f
randall,f
randy,f
raven,f
rayven,f
reid,f
remington,f
robert,f
robyn,f
rosalee,f
rosanna,f
rosanne,f
rosemary,f
roz,f
sable,f
sabrine,f
saige,f
salliann,f
saundra,f
sebrina,f
sharen,f
shelee,f
sherley,f
sommer,f
spenser,f
starla,f
starlyn,f
stockard,f
stormy,f
sunny,f
suzanne,f
taelar,f
tailor,f
tanner,f
tatum,f
tawni,f
tayana,f
tayler,f
teal,f
tempest,f
topsy,f
torrie,f
trilby,f
twyla,f
tylor,f
udele,f
velma,f
verna,f
victory,f
wanetta,f
waynette,f
westina,f
whitnee,f
whitnie,f
willette,f
winnie,f
wren,f
zoey,f
ai,f
aiko,f
aiya,f
akane,f
akira,f
amaya,f
ami,f
aratani,f
asa,f
ayaka,f
ayame,f
ayumi,f
chiasa,f
chieko,f
chika,f
chinami,f
chiyoko,f
cho,f
dai,f
daruma,f
den,f
ena,f
eri,f
eshima,f
fuji,f
fumiko,f
gen,f
gina,f
hanako,f
hanan,f
haru,f
haruka,f
hatsu,f
hayami,f
hideyo,f
hikaru,f
hiriko,f
hiroko,f
hisa,f
hoshi,f
ima,f
isamu,f
jin,f
jun,f
kaiyo,f
kameyo,f
kame,f
kameyo,f
kano,f
kaori,f
kata,f
katsumi,f
kazashi,f
kazue,f
kazumi,f
keiko,f
kichi,f
kiko,f
kimi,f
kioko,f
kishi,f
kiwa,f
kiyoko,f
koemi,f
kohana,f
koko,f
koma,f
koto,f
kozakura,f
kukiko,f
kumi,f
kura,f
kurva,f
kyoto,f
mai,f
maiko,f
mamiko,f
manami,f
maria,f
maru,f
masako,f
masumi,f
matsuko,f
mayoko,f
michiko,f
midori,f
miki,f
mikie,f
mine,f
minako,f
mirai,f
misao,f
mitsu,f
miyah,f
miyo,f
miyuki,f
momo,f
morie,f
morina,f
mura,f
mutsuko,f
namika,f
nana,f
nanami,f
nara,f
narumi,f
natsuko,f
nayoko,f
nori,f
nozomi,f
nyoko,f
orino,f
ran,f
reiko,f
rieko,f
rini,f
risa,f
rui,f
ruri,f
ryoko,f
sachi,f
sadashi,f
sai,f
sakae,f
sakiko,f
sakurako,f
satoko,f
seijun,f
seina,f
sen,f
shaiwase,f
shige,f
shiho,f
shika,f
shinju,f
shinobu,f
shizu,f
shoma,f
someina,f
sorano,f
suki,f
sumiye,f
sute,f
take,f
takako,f
takara,f
tamaki,f
tamane,f
tani,f
taree,f
tatsu,f
toki,f
tokiwa,f
tomone,f
tora,f
toshi,f
tsuru,f
ume,f
umi,f
utano,f
wakumi,f
wattan,f
yo,f
yoko,f
yori,f
yoshima,f
yuka,f
yume,f
yumi,f
yuri,f
ahu,f
akila,f
aliye,f
altair,f
arka,f
aruba,f
asli,f
aygul,f
ayla,f
aylin,f
aysen,f
aysu,f
badia,f
basak,f
belgin,f
bercu,f
bilge,f
cagdas,f
canan,f
cari,f
ceren,f
derya,f
dilara,f
dolunay,f
duygu,f
ebru,f
ece,f
ekin,f
rina,f
elif,f
elma,f
elmas,f
emel,f
emine,f
esen,f
eser,f
esin,f
esma,f
fairuza,f
fatimah,f
fatma,f
feride,f
fidan,f
filiz,f
fusun,f
gizem,f
gonca,f
gonul,f
gozde,f
gulsen,f
halime,f
hande,f
harika,f
havva,f
hazan,f
hulya,f
huri,f
inci,f
irmak,f
jamilia,f
kadira,f
kelebek,f
ketifa,f
kuva,f
lale,f
maja,f
maysun,f
melek,f
melika,f
merak,f
meryem,f
muge,f
mukkerren,f
nada,f
naila,f
najila,f
nebia,f
nergis,f
neshe,f
neshele,f
nesrin,f
neylan,f
nildag,f
nilufer,f
ozcicek,f
ozge,f
ozgur,f
ozlem,f
pembe,f
pinar,f
quibele,f
rasha,f
reyha,f
sabiya,f
sahara,f
samira,f
sarila,f
sayan,f
sebnem,f
sema,f
semaj,f
sempa,f
semra,f
sevgi,f
shakela,f
shaza,f
simge,f
su,f
talih,f
tarbula,f
taze,f
tulay,f
tulaya,f
umay,f
umita,f
umut,f
unjo,f
yagmur,f
yaz,f
yesenia,f
yesim,f
yeter,f
yildiz,f
yonca,f
zehiya,f
zerdali,f
zerrin,f
zulma,f
agafiia,f
agafya,f
aglaya,f
agrippa,f
akilina,f
aleksandra,f
aleksandrina,f
alina,f
alisa,f
alla,f
alma,f
anastasiya,f
anechka,f
ania,f
anitchka,f
aniya,f
annushka,f
anoushka,f
anouska,f
anzhelina,f
apollinariya,f
arina,f
arisha,f
avdotia,f
avdotya,f
boleslava,f
brania,f
breasha,f
capeka,f
catia,f
darya,f
dasha,f
dashia,f
devora,f
doroteya,f
ekaterina,f
elena,f
elizaveta,f
evgenia,f
gasha,f
gelya,f
inga,f
inna,f
irena,f
irta,f
ivanna,f
jekaterina,f
karina,f
katerina,f
katerinka,f
katia,f
kira,f
klavdiya,f
lada,f
lana,f
lara,f
lidiya,f
liolya,f
lubmilla,f
ludmila,f
lyubov,f
magdalina,f
maleetva,f
manya,f
mara,f
marisha,f
mariya,f
matryona,f
matryosha,f
matryoshka,f
melana,f
mika,f
miskaela,f
motya,f
mudraya,f
mudry,f
nadya,f
nadyenka,f
naida,f
nastassya,f
nastasya,f
nastia,f
natasha,f
natashia,f
nessa,f
nikkita,f
nikolaevna,f
ninochka,f
nonna,f
ogrifina,f
ogrofena,f
ogrofenka,f
oksanochka,f
olechka,f
olia,f
olya,f
ovdotia,f
oxana,f
pheodora,f
polina,f
praskoviya,f
rai,f
raisa,f
raiya,f
sabina,f
sacha,f
slava,f
snezhana,f
sonya,f
stepania,f
stesha,f
syuzanna,f
taina,f
talya,f
taneya,f
tania,f
taniya,f
tatyana,f
tedya,f
tekla,f
udacha,f
ustinya,f
valentina,f
vania,f
varushka,f
varvara,f
viktoriya,f
yelisabeta,f
yelizaveta,f
yeva,f
yevdokiya,f
yevpraksiya,f
yuliya,f
zakelina,f
zenevieva,f
zeonchka,f
zhanna,f
zinaida,f
zinoviya,f
abrienda,f
adana,f
agalia,f
alameda,f
alandra,f
aldonsa,f
alejandra,f
alejandrina,f
aleta,f
alma,f
almunda,f
aloise,f
alondra,f
alonzia,f
altamira,f
alva,f
alvarita,f
alvera,f
amaranta,f
amedia,f
anatalia,f
ancarla,f
andeana,f
angelita,f
aniceta,f
antigua,f
antoliana,f
apolinaria,f
aracela,f
aracelis,f
arnalda,f
aryiola,f
ascenscion,f
asela,f
atanasia,f
aurquena,f
basiana,f
bebe,f
belinda,f
benicio,f
benjamina,f
bienvenida,f
briselda,f
buena,f
camelia,f
camino,f
camiria,f
cancia,f
candeleria,f
carem,f
castana,f
catalin,f
catalina,f
chadelaria,f
chalina,f
chiquita,f
ciprina,f
cira,f
clemencia,f
clodina,f
coco,f
conceta,f
conchita,f
corazon,f
corisande,f
cruz,f
cruzita,f
damacia,f
damiana,f
damicia,f
damita,f
danas,f
danita,f
delfina,f
delicias,f
delma,f
delmira,f
destina,f
devera,f
diosa,f
dolores,f
doncia,f
donetta,f
donia,f
donila,f
donita,f
dorbeta,f
duella,f
duena,f
dulcina,f
eldora,f
eleadora,f
elenita,f
elysa,f
emeralda,f
eneida,f
epifana,f
eremita,f
erendira,f
especial,f
estebana,f
estefani,f
estella,f
etel,f
eumelia,f
eutimia,f
faqueza,f
farona,f
faustina,f
finura,f
flores,f
florida,f
fuensanta,f
generosa,f
ginesa,f
gotzone,f
gracia,f
guillermina,f
guioma,f
heriberto,f
hermenegilda,f
honoratas,f
iberia,f
idoia,f
iluminada,f
immaculada,f
inocencia,f
inoceneia,f
isabel,f
isabelle,f
isona,f
itsel,f
izabella,f
izazcun,f
jacinta,f
jaden,f
jadie,f
jaimica,f
jaione,f
jaira,f
jameika,f
jamica,f
jayden,f
jaydon,f
josune,f
joyceta,f
juandalyn,f
juanita,f
julita,f
klarita,f
lali,f
laneva,f
laurinda,f
laurita,f
lavinia,f
lindeza,f
lita,f
lorda,f
loreto,f
lucita,f
luisa,f
luvenia,f
lynda,f
lyndee,f
madra,f
madrona,f
maitana,f
maitane,f
maria del mar,f
maricelia,f
marilin,f
marilu,f
mariquilla,f
marisol,f
marisol,f
marquilla,f
mejorana,f
milagros,f
monita,f
montana,f
nachine,f
naiara,f
natividad,f
neena,f
nelia,f
neva,f
nevada,f
nevara,f
nila,f
nilda,f
nunila,f
octaviana,f
orieta,f
osane,f
osita,f
paca,f
paladia,f
paloma,f
paloma,f
pancha,f
paz,f
piedad,f
pilar,f
presta,f
prima,f
providencia,f
purisima,f
querida,f
raa,f
raeca,f
ramona,f
real,f
reseda,f
reya,f
richa,f
rigel,f
roja,f
roldana,f
rosalba,f
rosalin,f
rosalina,f
rosamund,f
roseline,f
rosetta,f
rosilla,f
rosmaria,f
rozolia,f
ruana,f
sabria,f
sagrario,f
salbatora,f
sandia,f
sarita,f
sata,f
senona,f
sephira,f
serrana,f
silveria,f
simona,f
solana,f
soledad,f
somona,f
sonora,f
sonsoles,f
suela,f
teena,f
teodomira,f
tercera,f
terciera,f
tobiana,f
toya,f
trena,f
trenita,f
trevia,f
tsivya,f
unida,f
usoa,f
valencia,f
vianca,f
vida,f
vittoria,f
xalbadora,f
xeveria,f
ximena,f
yomaris,f
ysabel,f
zana,f
zaneta,f
zaviera,f
zobeida,f
zoila,f
anh,f
be,f
bian,f
bich,f
cai,f
cam,f
chau,f
cuc,f
hai,f
hang,f
hanh,f
hao,f
christina,f
christina,f
christine,f
christine,f
kristina,f
hoa,f
hue,f
huong,f
hwa,f
hyunh,f
kim,f
kim cuc,f
kim-ly,f
lang,f
lien,f
linh,f
mai,f
ailis,f
airleas,f
aisling,f
aislinn,f
alaina,f
alana,f
alanah,f
alanis,f
alayna,f
allana,f
arthelea,f
artis,f
ashleen,f
barran,f
barrie,f
berget,f
biddy,f
blaine,f
blayne,f
bre,f
breahna,f
breann,f
breauna,f
breean,f
breeana,f
breigh,f
brenda,f
breona,f
bret,f
breyana,f
bria,f
briana,f
brianca,f
brianna,f
bridget,f
bridgett,f
brienna,f
brigid,f
brita,f
brodie,f
bryana,f
bryanne,f
byanna,f
caecey,f
cafleen,f
caitlyn,f
calumina,f
carenza,f
carleen,f
carra,f
carrigan,f
casey,f
cathleen,f
catlin,f
ceara,f
ceilidh,f
chevon,f
ciarra,f
cierra,f
coleen,f
colleen,f
collina,f
corey,f
corie,f
cory,f
curran,f
cyerra,f
dacia,f
dallis,f
darci,f
darcy,f
daron,f
deidre,f
deirdre,f
delanie,f
derry,f
devan,f
devinne,f
devyn,f
dillan,f
dimna,f
dympna,f
earlene,f
eavan,f
edana,f
eileen,f
enat,f
erin,f
erline,f
eryn,f
fallon,f
falon,f
falyn,f
fenella,f
fenna,f
ferren,f
fionnula,f
flanna,f
flannery,f
gitta,f
gladis,f
igraine,f
ilene,f
irvette,f
isibeal,f
kacy,f
kaetlyn,f
kafleen,f
kaitlin,f
kaitlyn,f
kasidy,f
kasie,f
kassidee,f
katalina,f
kateland,f
katelin,f
kathleen,f
kathlyn,f
katilyn,f
keaira,f
keara,f
keegan,f
keeley,f
keelin,f
keena,f
keiara,f
keily,f
keiona,f
keli,f
kelia,f
kelley,f
kelly,f
kennadi,f
kennedie,f
keoni,f
kerri,f
kerry,f
kevina,f
kevyn,f
kiara,f
kieran,f
kilee,f
kolleen,f
kyara,f
kylah,f
larlene,f
lassie,f
lavena,f
logan,f
mab,f
mabbina,f
mackinsey,f
maegan,f
maeve,f
maire,f
mairi,f
mavia,f
maygan,f
meagan,f
meara,f
megane,f
meriel,f
mirna,f
molly,f
mona,f
morrin,f
myrna,f
neely,f
neila,f
nia,f
niam,f
niamh,f
noraleen,f
noreen,f
nuala,f
nya,f
nyia,f
oran,f
oriella,f
orla,f
o'shea,f
payten,f
peighton,f
phallon,f
raegan,f
ragan,f
raley,f
ranait,f
reganne,f
reghan,f
rhonwyn,f
riana,f
richael,f
rileigh,f
riley,f
riona,f
roisina,f
rori,f
ryanna,f
ryanne,f
rylee,f
rylie,f
seirra,f
shae,f
shaela,f
shae-lynn,f
shai,f
shailynn,f
shalene,f
shanee,f
shanie,f
shanley,f
shannah,f
shannen,f
shannon,f
shaun,f
shaunda,f
shauntae,f
shawn,f
shawndelle,f
shawnta,f
shaya,f
shayann,f
shayanne,f
shayla,f
shaylah,f
shaylee,f
shaylen,f
shaylene,f
shaylie,f
shaylyn,f
shaylynn,f
shea,f
shena,f
sheridan,f
shona,f
shonda,f
shonna,f
shontavia,f
sianna,f
siara,f
sina,f
sinead,f
siobhan,f
sullivan,f
tarah,f
tari,f
tarin,f
tarrah,f
taryn,f
teria,f
tierney,f
tigris,f
trevina,f
trevona,f
tristian,f
tristianna,f
troy,f
troya,f
tully,f
ula,f
vevila,f
freda,f
daria,f
lorraine,f
randene,f
jackelyn,f
hannibal,f
coleen,f
barbey,f
karola,f
danyette,f
jessamyn,f
agace,f
kati,f
edwina,f
donetta,f
devan,f
cesya,f
lolita,f
magda,f
erin,f
pamela,f
sal,f
merralee,f
jasmine,f
aura,f
christian,f
shel,f
roseline,f
golda,f
darci,f
suzanna,f
robinette,f
sheeree,f
dorolice,f
maiga,f
ariel,f
yelena,f
sheelah,f
terrianne,f
tressa,f
joletta,f
cally,f
meaghan,f
neysa,f
lacy,f
loralyn,f
constanta,f
norina,f
charline,f
leonie,f
jade,f
emmaline,f
estella,f
winnah,f
quintina,f
jess,f
queada,f
estele,f
binnie,f
anitra,f
donna,f
ilyse,f
nadiya,f
casie,f
rhody,f
deborah,f
cecilla,f
jere,f
marcela,f
mikako,f
margalo,f
arleta,f
dalia,f
gigi,f
ricca,f
carmelita,f
willi,f
melonie,f
deeanne,f
dannie,f
roxane,f
hermina,f
sonja,f
gilda,f
kimmy,f
ally,f
sharna,f
randa,f
olva,f
lind,f
leeann,f
frayda,f
addie,f
nanete,f
ragnhild,f
sidonnie,f
agata,f
angelica,f
mureil,f
bea,f
lynelle,f
cordy,f
cassi,f
jilly,f
celestina,f
starlene,f
lorianna,f
lauralee,f
lavena,f
idette,f
amy,f
geraldina,f
noni,f
wallie,f
elli,f
seline,f
megen,f
marta,f
britani,f
nelle,f
shannon,f
kirstyn,f
imogene,f
dode,f
raina,f
siobhan,f
damita,f
annetta,f
gertrud,f
rheta,f
floria,f
suzette,f
eadie,f
leslie,f
jourdan,f
hephzibah,f
perrine,f
felice,f
nelia,f
carree,f
yevette,f
corene,f
elvina,f
geralda,f
rosalie,f
timmy,f
cher,f
leanna,f
mary,f
carlisle,f
maryrose,f
laverna,f
emmi,f
bekki,f
lucille,f
candide,f
ivory,f
modesta,f
fara,f
iona,f
sallie,f
alexis,f
clemmie,f
lyndsey,f
leoline,f
aloysia,f
eleonora,f
timothea,f
murial,f
lynne,f
brigit,f
tandie,f
agnese,f
emmie,f
jeanelle,f
darcy,f
dorena,f
raynell,f
carol-jean,f
ruthie,f
kristyn,f
katha,f
maddy,f
rosetta,f
ileana,f
karena,f
karlotta,f
orel,f
angie,f
farrah,f
arda,f
lona,f
doroteya,f
benedicta,f
jenni,f
benny,f
glynis,f
catrina,f
heidi,f
aloise,f
vivyanne,f
pippa,f
honor,f
ainslie,f
melisenda,f
modesty,f
inger,f
kaylyn,f
joli,f
claudine,f
stephie,f
darline,f
anais,f
bethena,f
noami,f
elisabeth,f
dorthea,f
halie,f
michaeline,f
henka,f
blondelle,f
stepha,f
jacquie,f
arianne,f
danell,f
ted,f
allyce,f
darcie,f
yehudit,f
kevina,f
esma,f
mellie,f
nicholle,f
dyann,f
ilse,f
thomasin,f
silvana,f
karel,f
nanine,f
pegeen,f
agretha,f
thekla,f
theresina,f
almeda,f
elicia,f
shantee,f
brande,f
elysha,f
calley,f
danit,f
elfrieda,f
roby,f
nettie,f
dulcea,f
cynthea,f
ora,f
sarina,f
rissa,f
kamillah,f
shirley,f
tabbatha,f
bianka,f
rasia,f
guendolen,f
tally,f
cathrine,f
jamie,f
barbra,f
atlante,f
tani,f
jacky,f
anni,f
annice,f
sharleen,f
nannette,f
lorette,f
una,f
almeta,f
cammy,f
cybel,f
matti,f
freida,f
berni,f
doll,f
eugenia,f
kaitlyn,f
tanya,f
alethea,f
julienne,f
janella,f
elbertine,f
alexi,f
darlene,f
gussi,f
brenna,f
stormy,f
trixy,f
hildagarde,f
sophey,f
steffie,f
jinny,f
irena,f
abbi,f
rosmunda,f
fedora,f
kirsti,f
kellsie,f
shaun,f
florenza,f
cassey,f
carma,f
jacquelin,f
malka,f
dina,f
maible,f
randi,f
salli,f
junette,f
cori,f
bernelle,f
jacintha,f
kirstin,f
remy,f
lenette,f
cheri,f
barbi,f
sile,f
suzy,f
arlene,f
susanna,f
benni,f
becky,f
penni,f
myrtice,f
gunvor,f
brana,f
mag,f
malynda,f
hestia,f
erda,f
gerti,f
tessi,f
martynne,f
tamiko,f
inessa,f
nerte,f
bridgette,f
clarette,f
tricia,f
rubetta,f
gilligan,f
augusta,f
blythe,f
ede,f
lynsey,f
joice,f
celene,f
christabel,f
jayme,f
dot,f
marietta,f
suellen,f
kynthia,f
kissiah,f
gray,f
morlee,f
morgan,f
kandace,f
charmine,f
cassondra,f
bari,f
maud,f
daisy,f
annissa,f
helyn,f
margi,f
linn,f
theressa,f
mollie,f
ethelyn,f
carrissa,f
kaylil,f
marji,f
cybil,f
ondrea,f
yetty,f
querida,f
leiah,f
merrile,f
leila,f
loreen,f
johannah,f
daffi,f
tobi,f
annalyse,f
suzie,f
aeriell,f
grete,f
philly,f
cloe,f
darcee,f
collie,f
belicia,f
rorie,f
charita,f
eileen,f
dehlia,f
desaree,f
kayle,f
lark,f
erina,f
ronnica,f
eustacia,f
fernanda,f
kelly,f
alvira,f
vivian,f
marsha,f
leda,f
reeva,f
kippie,f
benetta,f
malissia,f
cyb,f
reyna,f
berri,f
odelia,f
flo,f
nela,f
holli,f
rodina,f
darla,f
konstanze,f
karia,f
mersey,f
dorene,f
faith,f
kelcey,f
corenda,f
crystal,f
kay,f
jacklin,f
flower,f
harmonia,f
kippy,f
coriss,f
nertie,f
ardene,f
lizabeth,f
vivie,f
wilie,f
tobie,f
sashenka,f
marguerite,f
bette-ann,f
eva,f
myna,f
flossy,f
beryl,f
chloe,f
reiko,f
kimbra,f
karlee,f
samuela,f
blinnie,f
dinny,f
katina,f
arlen,f
larina,f
beryle,f
cathyleen,f
caril,f
cariotta,f
simona,f
hetty,f
carlie,f
annette,f
laurianne,f
elke,f
bellanca,f
adriane,f
katheleen,f
annelise,f
shanon,f
nataline,f
clem,f
katheryn,f
bessie,f
joelly,f
lilyan,f
harri,f
sandye,f
cheryl,f
rivi,f
carolann,f
doralia,f
theo,f
kittie,f
jenny,f
vikky,f
anestassia,f
vin,f
heddie,f
rayshell,f
meggi,f
trish,f
clarisse,f
jayne,f
fae,f
ilyssa,f
sylvia,f
neilla,f
babita,f
ailee,f
alvera,f
regan,f
christabelle,f
malena,f
diane,f
judye,f
elnore,f
madonna,f
dulsea,f
gerta,f
phedra,f
selma,f
ara,f
chelsae,f
jaclyn,f
arlana,f
lena,f
gen,f
tuesday,f
natalia,f
lanita,f
olivie,f
hattie,f
lian,f
brier,f
linette,f
oneida,f
laurette,f
kristy,f
mireielle,f
sapphire,f
antonietta,f
elana,f
mathilda,f
nani,f
opal,f
mahala,f
valma,f
amelita,f
sunny,f
lolly,f
gabey,f
dannye,f
karine,f
nancey,f
daloris,f
eloise,f
fanni,f
nari,f
kathryn,f
rafaelita,f
ailey,f
gabriel,f
olwen,f
carolie,f
pearla,f
genia,f
ofella,f
jacinda,f
corry,f
jacquetta,f
alexa,f
meriel,f
kass,f
lilian,f
tera,f
bobinette,f
merrilee,f
corena,f
gwenneth,f
rodie,f
eddy,f
jandy,f
maddie,f
nissy,f
ursola,f
klara,f
elsie,f
esmerelda,f
flore,f
garland,f
krysta,f
enrika,f
anallese,f
tawsha,f
luella,f
chere,f
jobina,f
sibilla,f
ikey,f
adara,f
lila,f
marillin,f
henrie,f
eunice,f
ida,f
arlee,f
ninon,f
kendre,f
beatrice,f
ketti,f
theresa-marie,f
shaylyn,f
rubie,f
tasia,f
colline,f
cassandra,f
mona,f
nessi,f
oona,f
kat,f
aggi,f
alli,f
rachele,f
annamarie,f
sena,f
ilysa,f
audrey,f
amberly,f
irita,f
filide,f
betsy,f
roanna,f
lorrin,f
jana,f
irina,f
ulrica,f
teryl,f
dell,f
loralee,f
lurette,f
drew,f
mab,f
stephannie,f
doti,f
dorette,f
konstance,f
lurlene,f
arlyn,f
meridel,f
claudina,f
flossie,f
saundra,f
kizzee,f
tammie,f
merridie,f
mariellen,f
karoly,f
dacie,f
tamera,f
donny,f
bo,f
bree,f
dael,f
berrie,f
nance,f
yolanda,f
abra,f
phyllis,f
ferdinande,f
rena,f
renee,f
horatia,f
truda,f
missy,f
donni,f
lela,f
lita,f
sayre,f
erminia,f
oreste,f
charo,f
romonda,f
almire,f
barbee,f
rhianna,f
monika,f
olympie,f
darya,f
oliy,f
fabrice,f
ruthanne,f
desiree,f
tatiania,f
caroljean,f
catlaina,f
dorolisa,f
lottie,f
joana,f
leilah,f
trudie,f
cacilie,f
kelila,f
rivy,f
cherie,f
carrol,f
celinda,f
corrie,f
bertina,f
bria,f
theada,f
meryl,f
pearl,f
sharline,f
rozanne,f
linet,f
nisse,f
tine,f
jania,f
fannie,f
sheryl,f
channa,f
nicolea,f
lisa,f
brigid,f
gabbey,f
avrit,f
trina,f
ginevra,f
ciara,f
melosa,f
lucky,f
joann,f
netta,f
estell,f
aurlie,f
evvie,f
carlene,f
kevyn,f
glenn,f
tommie,f
jerry,f
imogen,f
isabel,f
maridel,f
janeczka,f
lavina,f
annabell,f
moselle,f
crystie,f
becki,f
staci,f
rycca,f
becca,f
lucinda,f
ericha,f
reeba,f
ansley,f
nicky,f
beret,f
rosamond,f
vivi,f
angelique,f
trudi,f
nikoletta,f
karla,f
luce,f
jeralee,f
mommy,f
dena,f
vanna,f
stella,f
hilda,f
merrielle,f
joyous,f
jenna,f
rebekah,f
amandi,f
magdaia,f
phyllida,f
mavra,f
gilberte,f
quinta,f
jerrine,f
paule,f
korie,f
micky,f
marthena,f
glynnis,f
milicent,f
sara-ann,f
sandy,f
dyane,f
lucie,f
linnea,f
moyna,f
eolande,f
gustie,f
misha,f
aubry,f
albertina,f
ermentrude,f
gabriela,f
cloris,f
tamarah,f
rosalia,f
lurleen,f
amber,f
didi,f
jenda,f
peggi,f
asia,f
zara,f
dari,f
helli,f
laurel,f
edita,f
timmie,f
minerva,f
gisella,f
jobie,f
auberta,f
ursulina,f
rafaelia,f
cindelyn,f
roxanna,f
jackie,f
joane,f
helaine,f
sybyl,f
charmion,f
verile,f
avril,f
jennette,f
ree,f
kaleena,f
allyn,f
raychel,f
adelind,f
lydia,f
diahann,f
chastity,f
audra,f
mady,f
valli,f
joyan,f
terina,f
regina,f
rebecca,f
amalie,f
angelita,f
laurene,f
kyrstin,f
charissa,f
sandie,f
maura,f
ioana,f
joan,f
claudie,f
joline,f
glad,f
roch,f
deloria,f
anastassia,f
ulla,f
liliane,f
nettle,f
sharl,f
daniella,f
kayley,f
birgit,f
dayna,f
felicle,f
dulce,f
wrennie,f
darelle,f
tabbi,f
inesita,f
stafani,f
birgitta,f
lucy,f
maressa,f
joanna,f
gwendolin,f
maurene,f
zuzana,f
jocelyn,f
tiff,f
mable,f
elsbeth,f
cleo,f
hatti,f
germaine,f
alena,f
ashli,f
patrice,f
tomi,f
rosalinda,f
lonee,f
jada,f
sonni,f
alessandra,f
ellissa,f
madelene,f
audie,f
kristine,f
isidora,f
lynnett,f
bettine,f
jenifer,f
alia,f
eddi,f
liane,f
lissie,f
glynda,f
burta,f
renell,f
noell,f
reeta,f
carly,f
koo,f
sibella,f
shandee,f
anastasie,f
rafaela,f
celestyn,f
sophie,f
emilie,f
jeannine,f
rozamond,f
odele,f
darell,f
lelah,f
sasha,f
jordanna,f
glennie,f
romola,f
aurea,f
connie,f
joyann,f
bonny,f
teresaanne,f
fiann,f
nat,f
teddi,f
erica,f
janet,f
paulie,f
gussie,f
eydie,f
tisha,f
sheba,f
nelie,f
glen,f
ericka,f
gavrielle,f
oprah,f
lee,f
kirstie,f
moya,f
barbara,f
ray,f
nonnah,f
mina,f
karylin,f
marci,f
isabeau,f
selia,f
sinead,f
verla,f
emelda,f
sibyl,f
aggie,f
norrie,f
dyna,f
daffie,f
flori,f
olly,f
celeste,f
clarice,f
sue-elle,f
dorry,f
sallyanne,f
france,f
opaline,f
delores,f
gwennie,f
phylis,f
fred,f
dita,f
chad,f
chantal,f
joannes,f
aleda,f
jordain,f
katherina,f
diana,f
terri-jo,f
merrili,f
marcella,f
imelda,f
paula-grace,f
petronilla,f
brook,f
vally,f
natalina,f
viola,f
lusa,f
jacenta,f
risa,f
florentia,f
janel,f
georgina,f
bernice,f
trescha,f
fredrika,f
jillene,f
nellie,f
marget,f
carli,f
stoddard,f
pacifica,f
marnie,f
clemence,f
kristi,f
natasha,f
leontyne,f
brea,f
ariella,f
sisely,f
micheline,f
giselle,f
onida,f
odelle,f
shirline,f
daveta,f
agnes,f
pris,f
aubrey,f
teane,f
marla,f
fallon,f
adelice,f
francesca,f
blancha,f
zaria,f
antonetta,f
pandora,f
fatima,f
madlen,f
lizzie,f
aliza,f
lilllie,f
carmita,f
hedvig,f
erminie,f
tildie,f
starr,f
barbe,f
kenna,f
angel,f
cheslie,f
elsy,f
suzan,f
haily,f
doralynn,f
audrye,f
leah,f
ange,f
marigold,f
maude,f
sydney,f
dea,f
lola,f
denice,f
lyndy,f
aleece,f
veronika,f
michal,f
anastasia,f
ibbie,f
auguste,f
lou,f
demeter,f
tova,f
datha,f
rania,f
consuela,f
fenelia,f
karlen,f
may,f
bren,f
genna,f
dalenna,f
eada,f
daisie,f
milly,f
iolande,f
isabella,f
annora,f
rozalie,f
ralina,f
lorain,f
gillan,f
darby,f
pepi,f
ingaberg,f
jacynth,f
rana,f
corilla,f
lorry,f
denyse,f
lenora,f
iseabal,f
maritsa,f
alysa,f
lucita,f
shane,f
berenice,f
corie,f
lorilyn,f
norri,f
leonore,f
goldia,f
wallis,f
eolanda,f
ilise,f
magdalena,f
cherri,f
dosi,f
kania,f
brunella,f
bill,f
anita,f
leigh,f
rori,f
hanni,f
elisha,f
evita,f
cecelia,f
martelle,f
tiphany,f
vere,f
alice,f
ingeberg,f
daryn,f
germana,f
nanon,f
doris,f
shannen,f
ardyth,f
gay,f
ranna,f
jolene,f
mirabella,f
agathe,f
brigitta,f
maxie,f
ianthe,f
ariana,f
brittan,f
carmina,f
leena,f
hetti,f
ranique,f
roshelle,f
mariana,f
laina,f
chriss,f
silvie,f
hilary,f
nola,f
adela,f
chicky,f
julieta,f
mercedes,f
sharity,f
blanca,f
pet,f
margit,f
vanya,f
bell,f
sharyl,f
dusty,f
tracie,f
lulu,f
tootsie,f
claudelle,f
goldina,f
rici,f
gusty,f
illa,f
cris,f
carlota,f
ana,f
secunda,f
ursala,f
dorelia,f
imojean,f
dallas,f
alma,f
elena,f
christy,f
fernande,f
melina,f
jena,f
xylina,f
delly,f
jessika,f
cathe,f
sallyann,f
korney,f
lisandra,f
elnora,f
rene,f
indira,f
adiana,f
tammy,f
odille,f
roxana,f
melva,f
maure,f
debera,f
harrietta,f
gweneth,f
tate,f
lauren,f
nollie,f
eveline,f
albina,f
gwendolyn,f
melissa,f
jemmie,f
malinda,f
phil,f
stephenie,f
yetta,f
lolande,f
jemie,f
talya,f
fan,f
korella,f
izabel,f
kyla,f
karoline,f
charlott,f
fredelia,f
micaela,f
collete,f
charin,f
moreen,f
pavla,f
celle,f
zorah,f
odessa,f
annalee,f
fey,f
karole,f
midge,f
johnette,f
randee,f
chanda,f
julee,f
margeaux,f
bellamy,f
fidelia,f
teriann,f
meridith,f
tina,f
ingrid,f
mickie,f
merle,f
anna-diana,f
berry,f
codie,f
andromeda,f
prue,f
lethia,f
franni,f
gerda,f
leia,f
jeana,f
chelsea,f
clea,f
lana,f
karin,f
lisabeth,f
morganne,f
adi,f
junina,f
maryanna,f
ivonne,f
kelsey,f
celisse,f
estrellita,f
sindee,f
courtenay,f
amandy,f
lilith,f
latrina,f
janeen,f
celestia,f
tamma,f
desdemona,f
christiana,f
britaney,f
starlin,f
alaine,f
gwendolen,f
felicdad,f
celesta,f
larine,f
kally,f
clarissa,f
lezlie,f
jeanie,f
anet,f
amabel,f
retha,f
kali,f
marilin,f
zsazsa,f
diena,f
emlynne,f
corrianne,f
myriam,f
siana,f
shilpa,f
austine,f
michele,f
lorene,f
silva,f
chrissie,f
theresita,f
fawna,f
zulema,f
rhodie,f
shelbi,f
gianina,f
carine,f
liora,f
cornie,f
bellina,f
lois,f
shawnee,f
lianna,f
gera,f
wilhelmina,f
virginie,f
carley,f
gelya,f
marissa,f
essie,f
kacie,f
euphemia,f
petronella,f
arlina,f
amelia,f
devi,f
susette,f
karyl,f
tara,f
stefania,f
cami,f
chiquita,f
gabriella,f
sussi,f
madona,f
hedda,f
malorie,f
gale,f
morna,f
pepita,f
ardelle,f
christabella,f
cristi,f
pansy,f
cabrina,f
shalna,f
brenda,f
erika,f
sandi,f
maris,f
yvette,f
donella,f
kerrin,f
fayth,f
trenna,f
ingeborg,f
antoinette,f
hedwig,f
bernadina,f
gunilla,f
maisey,f
adelaide,f
rebekkah,f
ayn,f
jermaine,f
laural,f
darice,f
netty,f
camile,f
caprice,f
geeta,f
caritta,f
jojo,f
nona,f
camella,f
franciska,f
wilone,f
myrtle,f
sherry,f
harriet,f
tabby,f
audrie,f
nelli,f
jo-anne,f
georgianna,f
gilbertina,f
denise,f
marabel,f
tybi,f
clary,f
juanita,f
melita,f
susanetta,f
rozelle,f
corabel,f
nike,f
alisa,f
marj,f
effie,f
ethel,f
bonnie,f
scarlet,f
emelia,f
amalia,f
davita,f
kamilah,f
gennifer,f
kirbie,f
katusha,f
glyn,f
aurelea,f
mayda,f
venus,f
luna,f
clo,f
cherry,f
daphne,f
basia,f
luise,f
florella,f
jobye,f
annadiane,f
rahel,f
terrie,f
josey,f
luelle,f
sisile,f
brita,f
luciana,f
rochette,f
elfie,f
loren,f
rosabella,f
kyle,f
tobe,f
franny,f
malkah,f
wilmette,f
shaina,f
elita,f
portia,f
cordula,f
inga,f
florry,f
winnifred,f
juliette,f
sheril,f
lynde,f
jaynell,f
kaia,f
anneliese,f
cherye,f
kirsten,f
tandi,f
janey,f
jacki,f
ava,f
cristionna,f
avis,f
hillary,f
saraann,f
amelie,f
cynthie,f
emlyn,f
claire,f
hyacinth,f
kathryne,f
wynny,f
margareta,f
torrie,f
talia,f
joellyn,f
maureen,f
georgetta,f
margarette,f
nicola,f
selle,f
lisette,f
philomena,f
layla,f
ailene,f
deonne,f
nikkie,f
karissa,f
jesselyn,f
rubia,f
clovis,f
george,f
athene,f
sonnnie,f
arlyne,f
marglerite,f
lillian,f
linnie,f
abby,f
ladonna,f
dorita,f
cody,f
violetta,f
elwina,f
nicoline,f
tella,f
rowe,f
madeleine,f
kissee,f
hali,f
sabina,f
georgianne,f
petronia,f
carena,f
jobey,f
tory,f
sofie,f
roseanne,f
lucilia,f
delcine,f
karrie,f
raye,f
isadore,f
giana,f
hadria,f
elaine,f
breanne,f
darcey,f
lucina,f
caro,f
cristie,f
yovonnda,f
beatrix,f
sidoney,f
delila,f
emylee,f
jessy,f
loise,f
lisetta,f
del,f
celia,f
aubrie,f
leann,f
wenda,f
nadia,f
clarey,f
idalia,f
dion,f
cordelie,f
kirbee,f
marya,f
harriett,f
cathee,f
brynn,f
kassandra,f
eleonore,f
sheelagh,f
olympia,f
jemmy,f
mame,f
britney,f
desiri,f
christel,f
rosabelle,f
mellicent,f
corinne,f
katey,f
jonie,f
con,f
roselin,f
maurise,f
tobey,f
rebeca,f
cordie,f
susi,f
tiffanie,f
valenka,f
jennee,f
vera,f
april,f
wynnie,f
teresita,f
cybelle,f
ronalda,f
mari,f
teddie,f
liza,f
minetta,f
lizbeth,f
rickie,f
eleni,f
joslyn,f
cathlene,f
linell,f
sorcha,f
jocelin,f
aretha,f
alameda,f
cindie,f
arline,f
carolyn,f
myranda,f
heddi,f
melisse,f
robbi,f
donica,f
emilia,f
betteanne,f
francyne,f
bernadine,f
candice,f
robinetta,f
elene,f
mirilla,f
shirl,f
nell,f
carlynn,f
nessy,f
ernestine,f
torie,f
ettie,f
joanne,f
sharie,f
georgena,f
vinita,f
ethelin,f
marlie,f
tallie,f
francesmary,f
anette,f
gloriane,f
othelia,f
lorie,f
violante,f
coraline,f
filia,f
blakeley,f
melba,f
tabbitha,f
hannie,f
anett,f
myrtie,f
mandi,f
tove,f
beckie,f
allsun,f
herta,f
isadora,f
star,f
gwenni,f
dolorita,f
luanna,f
adrien,f
pansie,f
fawn,f
kerrill,f
devina,f
rosalynd,f
carmelle,f
lynnell,f
ventura,f
tybie,f
murielle,f
shalne,f
lizzy,f
joni,f
janaye,f
isobel,f
harriot,f
violette,f
pen,f
georgeanne,f
orelie,f
tabitha,f
la,f
malanie,f
milli,f
coreen,f
mellissa,f
giovanna,f
dyanna,f
doretta,f
katine,f
acacia,f
libbey,f
hildagard,f
cayla,f
merissa,f
diamond,f
britni,f
sheila-kathryn,f
seana,f
natalie,f
fanny,f
dorit,f
doloritas,f
kathie,f
mitra,f
catharina,f
ginny,f
doralyn,f
dyanne,f
christean,f
bathsheba,f
matilde,f
jackquelin,f
pippy,f
jo-ann,f
noelle,f
esme,f
polly,f
jori,f
terri,f
meggan,f
marcie,f
farah,f
annadiana,f
alexine,f
elberta,f
shirlene,f
allison,f
carrie,f
helsa,f
fanchon,f
aurelie,f
kiley,f
analiese,f
stephana,f
hildegaard,f
tamra,f
dorine,f
winni,f
nyssa,f
cacilia,f
kimberly,f
cathie,f
trix,f
austin,f
shelley,f
miran,f
maddi,f
dido,f
erna,f
ethelind,f
bella,f
ruthann,f
harriott,f
alidia,f
joya,f
amanda,f
shellie,f
marie,f
brandise,f
keslie,f
kristel,f
jaime,f
meredithe,f
josepha,f
emera,f
perla,f
binny,f
norry,f
zita,f
tersina,f
theodosia,f
noelani,f
kirsteni,f
brynne,f
fredericka,f
loni,f
juliane,f
lynett,f
adella,f
nelly,f
davida,f
dulcie,f
roz,f
lurline,f
nancie,f
anthea,f
britt,f
shawna,f
merilee,f
krissy,f
koressa,f
latrena,f
nananne,f
enriqueta,f
emeline,f
jessie,f
fina,f
julietta,f
letti,f
corri,f
emelita,f
barrie,f
agnella,f
priscella,f
stesha,f
samuella,f
farrand,f
dorothee,f
trisha,f
atalanta,f
friederike,f
jasmina,f
victoria,f
janine,f
shela,f
waly,f
marcellina,f
margaux,f
emelina,f
katti,f
allissa,f
codee,f
janessa,f
shoshie,f
rebeka,f
emlynn,f
kaye,f
caria,f
dorian,f
val,f
jeanette,f
karleen,f
kettie,f
ottilie,f
correna,f
isis,f
chelsy,f
sibeal,f
alpa,f
joanne,f
maryellen,f
lauryn,f
deny,f
katlin,f
gloria,f
caralie,f
bambie,f
esmeralda,f
damaris,f
rhoda,f
waneta,f
alina,f
ardeen,f
nissie,f
kanya,f
kelli,f
muffin,f
janot,f
doro,f
nova,f
charis,f
kym,f
anya,f
lanna,f
roselyn,f
hilarie,f
caresa,f
natala,f
merrie,f
eimile,f
felicity,f
mallissa,f
ninetta,f
twila,f
paulita,f
blakelee,f
dominique,f
evelyn,f
belvia,f
malory,f
chloris,f
malcah,f
milena,f
alex,f
mae,f
donielle,f
madelaine,f
jonell,f
alexina,f
zonda,f
carola,f
sylvie,f
dareen,f
laureen,f
jane,f
keeley,f
toinette,f
mitzi,f
kristal,f
lucretia,f
prissie,f
janeta,f
wenonah,f
kerstin,f
kaylee,f
chelsey,f
jan,f
rozina,f
cresa,f
min,f
mirella,f
geneva,f
nedi,f
fayette,f
dasi,f
joleen,f
carmelina,f
lisha,f
blondy,f
norah,f
veriee,f
valeria,f
joye,f
dolora,f
natty,f
dollie,f
julita,f
katya,f
florette,f
georgeanna,f
lindsy,f
emmy,f
aprilette,f
nana,f
daile,f
candida,f
vallie,f
virgie,f
jewel,f
eliza,f
laure,f
mabelle,f
danila,f
maegan,f
colleen,f
sunshine,f
fayina,f
brigida,f
katalin,f
melinda,f
phyllys,f
melanie,f
dorris,f
gretchen,f
martita,f
nata,f
julianne,f
jerrilee,f
shaylah,f
yonina,f
ketty,f
carita,f
gianna,f
gizela,f
benita,f
alissa,f
ardella,f
melly,f
lorelle,f
irene,f
merrill,f
vi,f
ingunna,f
jodi,f
marion,f
izzi,f
vilma,f
tiphani,f
eba,f
vikkie,f
oralee,f
morena,f
claresta,f
nanice,f
mirabelle,f
pat,f
laura,f
noel,f
kira,f
loella,f
arly,f
nalani,f
tiertza,f
faun,f
catherina,f
robina,f
roseanna,f
viki,f
shani,f
karna,f
enrichetta,f
betsey,f
sigrid,f
kara-lynn,f
meta,f
camel,f
kitty,f
jackqueline,f
krista,f
brianne,f
peg,f
nisa,f
darb,f
cathleen,f
rosanna,f
jacinthe,f
marice,f
maya,f
vida,f
myrilla,f
bette,f
hedi,f
nil,f
lin,f
sharron,f
rosemaria,f
madelyn,f
linea,f
letty,f
myrah,f
crissie,f
daffy,f
evangelia,f
luci,f
nathalia,f
gui,f
ebba,f
courtney,f
dynah,f
nerissa,f
griselda,f
saba,f
beatrisa,f
madalena,f
ryann,f
charil,f
marrissa,f
elfreda,f
tildy,f
adel,f
beth,f
brenn,f
elinore,f
marthe,f
jeane,f
debra,f
kattie,f
evelina,f
heide,f
kellia,f
jacquette,f
ruth,f
kiah,f
giacinta,f
lory,f
bryana,f
clio,f
tracee,f
neely,f
ginnifer,f
meris,f
jude,f
steffane,f
catina,f
cherilyn,f
sandra,f
bonita,f
kaitlin,f
mandy,f
karol,f
aeriela,f
rhiamon,f
jamima,f
petra,f
rosa,f
gale,f
shir,f
antonia,f
melitta,f
leelah,f
starla,f
lissi,f
issi,f
seka,f
dona,f
eleanor,f
dottie,f
olive,f
almira,f
leeanne,f
ernaline,f
tamarra,f
elysee,f
alison,f
glenna,f
jaquenetta,f
jordan,f
tracey,f
harley,f
alyssa,f
tomasina,f
cherianne,f
mairead,f
christine,f
quentin,f
madel,f
karina,f
ashlie,f
modestia,f
luana,f
martica,f
viviana,f
jeniffer,f
enya,f
halli,f
prunella,f
sheilakathryn,f
zelma,f
dacey,f
elisabet,f
cicily,f
antonina,f
shirlee,f
constantina,f
cassie,f
dasya,f
emmalee,f
debee,f
bambi,f
margarethe,f
karee,f
anna-diane,f
willie,f
miriam,f
winonah,f
guglielma,f
kelsi,f
melony,f
karil,f
cam,f
caryn,f
sherie,f
josee,f
ashely,f
ariela,f
mariam,f
willette,f
valeda,f
norma,f
catriona,f
olga,f
verna,f
gwynne,f
greta,f
rosita,f
ruthi,f
annie,f
aline,f
margurite,f
blanch,f
harlie,f
clara,f
ulrike,f
maggy,f
rosy,f
margy,f
demetra,f
keriann,f
evangelin,f
jenelle,f
ophelie,f
trista,f
katerine,f
elva,f
zaneta,f
guinna,f
carolan,f
honey,f
maye,f
persis,f
deni,f
alicia,f
freddi,f
sabra,f
blisse,f
kaitlynn,f
cissy,f
janetta,f
othilia,f
orella,f
emmeline,f
dori,f
wendeline,f
jillane,f
blake,f
delcina,f
clerissa,f
nikki,f
alfie,f
dennie,f
aileen,f
kirby,f
francis,f
sadie,f
queenie,f
marty,f
ferdinanda,f
lanny,f
robenia,f
tiana,f
sydelle,f
pearline,f
ellie,f
tandy,f
rosella,f
ranee,f
kylen,f
allene,f
ediva,f
renae,f
rasla,f
andriette,f
andromache,f
christie,f
madelina,f
libbi,f
marika,f
jacqueline,f
phebe,f
kelcy,f
shoshanna,f
batsheva,f
velvet,f
moll,f
charmain,f
jaleh,f
agnesse,f
elspeth,f
gerrilee,f
kiri,f
fifi,f
kari,f
holley,f
merola,f
vina,f
kiele,f
kaycee,f
caressa,f
brandi,f
benedikta,f
dale,f
cati,f
suzi,f
nolana,f
hendrika,f
glory,f
guinevere,f
dione,f
fawnia,f
katharina,f
tessie,f
leontine,f
valera,f
kathy,f
oralla,f
susy,f
minna,f
conchita,f
pier,f
mallory,f
lenna,f
riki,f
constancia,f
robinet,f
carol,f
patricia,f
june,f
christin,f
pearle,f
bamby,f
noreen,f
adah,f
sibylla,f
katee,f
jacquenetta,f
minette,f
carline,f
goldie,f
janela,f
vicki,f
winifred,f
ashlen,f
laila,f
krissie,f
adena,f
karmen,f
jo ann,f
hyacintha,f
amara,f
danice,f
cynthy,f
dorise,f
therine,f
belle,f
edin,f
eulalie,f
ramona,f
harlene,f
prudy,f
kata,f
xylia,f
sherill,f
freddie,f
claudetta,f
caty,f
janis,f
karlotte,f
andria,f
daisey,f
arabella,f
alane,f
carlye,f
timmi,f
thia,f
sybila,f
jaimie,f
cameo,f
trixi,f
gusella,f
ronda,f
halley,f
aubine,f
grethel,f
janean,f
bryna,f
hana,f
lynn,f
berta,f
milissent,f
marlena,f
riva,f
gilbertine,f
ivette,f
betti,f
vannie,f
lesley,f
berty,f
eugine,f
bidget,f
lissa,f
minda,f
kalila,f
miranda,f
susana,f
demetris,f
kizzie,f
viole,f
cassaundra,f
wren,f
fifine,f
selena,f
ema,f
florinda,f
katrina,f
shelly,f
faustine,f
doe,f
gwenette,f
junie,f
havivah,f
christalle,f
vale,f
bianca,f
kerianne,f
elinor,f
kipp,f
elyssa,f
lynda,f
lesli,f
calida,f
meggie,f
hallie,f
sibby,f
sharra,f
pamella,f
carin,f
eleanore,f
brianna,f
iormina,f
rosina,f
matty,f
sianna,f
claude,f
chantalle,f
cherish,f
dolley,f
kristen,f
kalie,f
alana,f
norene,f
cathrin,f
margaret,f
raquela,f
hannis,f
josie,f
delphinia,f
meg,f
cyndy,f
concettina,f
ilsa,f
jordana,f
fania,f
edithe,f
annmaria,f
penelope,f
agnola,f
mabel,f
alberta,f
pennie,f
karen,f
bee,f
monique,f
callie,f
daune,f
belia,f
daveen,f
blair,f
lucienne,f
oralia,f
natassia,f
kellyann,f
daphna,f
samaria,f
cassy,f
blinni,f
denys,f
nissa,f
donnie,f
elysia,f
susan,f
casey,f
suki,f
larisa,f
flor,f
solange,f
hope,f
emiline,f
geri,f
charisse,f
deane,f
isabelita,f
maryann,f
frederica,f
lorilee,f
antonella,f
dulci,f
aindrea,f
margot,f
phillie,f
esta,f
joelle,f
nanette,f
marieann,f
dorree,f
biddy,f
jerrilyn,f
wandie,f
godiva,f
fiona,f
alene,f
daniele,f
fortuna,f
kassie,f
zilvia,f
rani,f
lani,f
davine,f
pauli,f
mimi,f
lissy,f
tabbie,f
jennica,f
lorettalorna,f
vernice,f
cissie,f
felisha,f
lorita,f
valry,f
irma,f
cosetta,f
genni,f
saudra,f
dianna,f
doreen,f
viva,f
louella,f
winny,f
peria,f
pauletta,f
paula,f
susann,f
blithe,f
bernette,f
teri,f
mmarianne,f
dana,f
hanny,f
brina,f
corabella,f
shina,f
georgette,f
matilda,f
berte,f
karolina,f
flossi,f
dafna,f
therese,f
kamila,f
augustina,f
kristina,f
sada,f
kimberley,f
liz,f
coralie,f
elladine,f
yoshi,f
karly,f
vivienne,f
elvera,f
joey,f
tarrah,f
otha,f
mariejeanne,f
sophronia,f
kameko,f
melisande,f
cristy,f
elsa,f
sheree,f
lyndell,f
kasey,f
gabrila,f
ingaborg,f
essy,f
robena,f
anabella,f
mariele,f
joela,f
maurine,f
sam,f
evanne,f
leandra,f
pietra,f
melantha,f
farand,f
constancy,f
edy,f
avivah,f
ethelda,f
annmarie,f
nolie,f
melesa,f
ferne,f
simone,f
rhonda,f
cecil,f
anabelle,f
gretta,f
alysia,f
naoma,f
roxine,f
aurore,f
aryn,f
jilli,f
gratia,f
zorine,f
merla,f
penelopa,f
leeann,f
bridgett,f
gayle,f
briana,f
dara,f
carolina,f
ekaterina,f
marris,f
elna,f
astrix,f
tiena,f
liuka,f
aviva,f
debi,f
leonanie,f
alvinia,f
janice,f
marjie,f
camila,f
aurilia,f
marcelle,f
idell,f
guillema,f
corrina,f
nan,f
melisandra,f
roxi,f
madella,f
leoine,f
lonna,f
roana,f
adriaens,f
jillie,f
sela,f
e'lane,f
bernardina,f
catha,f
angelia,f
viviyan,f
morissa,f
cassandre,f
zsa zsa,f
berget,f
ginger,f
piper,f
abbie,f
mariette,f
dorelle,f
andy,f
farra,f
allie,f
karalynn,f
patty,f
eudora,f
malissa,f
janeva,f
sosanna,f
kacy,f
cyndi,f
tiphanie,f
othilie,f
susanne,f
rachel,f
amata,f
lamb,f
allianora,f
rheba,f
ardelia,f
honoria,f
bonnee,f
marge,f
cherice,f
mellisent,f
cindee,f
rosabel,f
katrinka,f
moira,f
ariadne,f
debby,f
kerrie,f
jocelyne,f
clare,f
stephani,f
shay,f
zenia,f
ermengarde,f
cappella,f
blinny,f
laurie,f
samara,f
annabela,f
marlene,f
lonni,f
linnet,f
chery,f
yvonne,f
lori,f
iris,f
tarra,f
jean,f
mariquilla,f
genvieve,f
wenona,f
gladis,f
dorey,f
kerry,f
moria,f
gwenny,f
inge,f
averil,f
marin,f
myrlene,f
bethany,f
madelin,f
bebe,f
lira,f
